psychological_feature	newsmen	[]	None	-1
person	middle	[]	None	-1
person	united	[]	None	-1
act	jersey	[]	None	-1
concept	agency	['hyponym', 'hypernym', 'hyponym', 'hyponym', 'hypernym', 'hyponym', 'hypernym', 'hypernym', 'hypernym', 'hyponym', 'hyponym']	[Synset('concept.n.01'), Synset('idea.n.01'), Synset('content.n.05'), Synset('cognition.n.01'), Synset('psychological_feature.n.01'), Synset('abstraction.n.06'), Synset('group.n.01'), Synset('social_group.n.01'), Synset('organization.n.01'), Synset('unit.n.03'), Synset('administrative_unit.n.01'), Synset('agency.n.01')]	11
person	state	['holonym', 'hypernym', 'hyponym', 'hyponym', 'hypernym']	[Synset('person.n.01'), Synset('people.n.01'), Synset('group.n.01'), Synset('abstraction.n.06'), Synset('attribute.n.02'), Synset('state.n.02')]	5
concept	theodore	[]	None	None
concept	united	[]	None	-1
act	ethical_motive	['hyponym', 'hypernym', 'hypernym', 'hypernym', 'hypernym', 'hyponym', 'hypernym', 'hyponym', 'hyponym']	[Synset('act.n.01'), Synset('legal_document.n.01'), Synset('document.n.01'), Synset('writing.n.02'), Synset('written_communication.n.01'), Synset('communication.n.02'), Synset('abstraction.n.06'), Synset('psychological_feature.n.01'), Synset('motivation.n.01'), Synset('ethical_motive.n.01')]	9
act	assaults	[]	None	-1
act	conflict	[]	None	-1
act	politics	[]	None	-1
psychological_feature	office	['hypernym', 'hyponym', 'hyponym', 'hyponym', 'hypernym', 'hypernym', 'hypernym', 'hypernym', 'hypernym', 'hypernym']	[Synset('psychological_feature.n.01'), Synset('abstraction.n.06'), Synset('group.n.01'), Synset('arrangement.n.02'), Synset('flower_arrangement.n.01'), Synset('decoration.n.01'), Synset('artifact.n.01'), Synset('structure.n.01'), Synset('establishment.n.04'), Synset('place_of_business.n.01'), Synset('office.n.01')]	10
psychological_feature	politics	[]	None	-1
psychological_feature	conflict	['hyponym', 'hyponym', 'hypernym']	[Synset('psychological_feature.n.01'), Synset('event.n.01'), Synset('group_action.n.01'), Synset('conflict.n.01')]	3
psychological_feature	theodore	[]	None	None
concept	new	[]	None	-1
person	agnew	[]	None	None
person	ethical_motive	['holonym', 'hypernym', 'hyponym', 'hypernym', 'hyponym', 'hyponym']	[Synset('person.n.01'), Synset('people.n.01'), Synset('group.n.01'), Synset('abstraction.n.06'), Synset('psychological_feature.n.01'), Synset('motivation.n.01'), Synset('ethical_motive.n.01')]	6
person	assault	['holonym', 'hypernym', 'hyponym', 'hypernym', 'hyponym', 'hyponym', 'hypernym', 'hypernym', 'hyponym']	[Synset('person.n.01'), Synset('people.n.01'), Synset('group.n.01'), Synset('abstraction.n.06'), Synset('psychological_feature.n.01'), Synset('event.n.01'), Synset('group_action.n.01'), Synset('military_action.n.01'), Synset('battle.n.01'), Synset('assault.n.01')]	9
person	spiro	[]	None	None
act	reporter	['hyponym', 'hypernym', 'hypernym', 'hypernym', 'hypernym', 'hyponym', 'hyponym', 'hypernym', 'holonym', 'hypernym', 'hypernym']	[Synset('act.n.01'), Synset('legal_document.n.01'), Synset('document.n.01'), Synset('writing.n.02'), Synset('written_communication.n.01'), Synset('communication.n.02'), Synset('abstraction.n.06'), Synset('group.n.01'), Synset('people.n.01'), Synset('person.n.01'), Synset('communicator.n.01'), Synset('reporter.n.01')]	11
psychological_feature	elections	[]	None	-1
concept	ethical_motive	['hyponym', 'hypernym', 'hyponym', 'hyponym', 'hyponym', 'hyponym']	[Synset('concept.n.01'), Synset('idea.n.01'), Synset('content.n.05'), Synset('cognition.n.01'), Synset('psychological_feature.n.01'), Synset('motivation.n.01'), Synset('ethical_motive.n.01')]	6
concept	assault	['hyponym', 'hypernym', 'hyponym', 'hyponym', 'hyponym', 'hyponym', 'hypernym', 'hypernym', 'hyponym']	[Synset('concept.n.01'), Synset('idea.n.01'), Synset('content.n.05'), Synset('cognition.n.01'), Synset('psychological_feature.n.01'), Synset('event.n.01'), Synset('group_action.n.01'), Synset('military_action.n.01'), Synset('battle.n.01'), Synset('assault.n.01')]	9
person	Jersey	['hypernym', 'hyponym', 'hypernym', 'hyponym', 'hypernym', 'hypernym', 'hypernym']	[Synset('person.n.01'), Synset('organism.n.01'), Synset('animal.n.01'), Synset('male.n.01'), Synset('bullock.n.02'), Synset('cattle.n.01'), Synset('dairy_cattle.n.01'), Synset('jersey.n.05')]	7
act	united	[]	None	-1
person	news	['holonym', 'hypernym', 'hyponym', 'hyponym', 'hypernym', 'hypernym', 'hypernym']	[Synset('person.n.01'), Synset('people.n.01'), Synset('group.n.01'), Synset('abstraction.n.06'), Synset('communication.n.02'), Synset('message.n.02'), Synset('information.n.01'), Synset('news.n.02')]	7
concept	Jersey	['hyponym', 'hypernym', 'hyponym', 'hyponym', 'hypernym', 'hyponym', 'hyponym', 'hypernym', 'hypernym', 'hypernym', 'hypernym', 'holonym', 'hypernym', 'hypernym']	[Synset('concept.n.01'), Synset('idea.n.01'), Synset('content.n.05'), Synset('cognition.n.01'), Synset('psychological_feature.n.01'), Synset('abstraction.n.06'), Synset('group.n.01'), Synset('biological_group.n.01'), Synset('taxonomic_group.n.01'), Synset('genus.n.02'), Synset('mammal_genus.n.01'), Synset('bos.n.01'), Synset('cattle.n.01'), Synset('dairy_cattle.n.01'), Synset('jersey.n.05')]	14
act	theodore	[]	None	None
person	reporter	['hypernym', 'hypernym']	[Synset('person.n.01'), Synset('communicator.n.01'), Synset('reporter.n.01')]	2
act	government	['hyponym', 'hypernym', 'hypernym', 'hypernym', 'hypernym', 'hyponym', 'hyponym', 'hypernym', 'hypernym', 'hypernym', 'hypernym']	[Synset('act.n.01'), Synset('legal_document.n.01'), Synset('document.n.01'), Synset('writing.n.02'), Synset('written_communication.n.01'), Synset('communication.n.02'), Synset('abstraction.n.06'), Synset('group.n.01'), Synset('social_group.n.01'), Synset('organization.n.01'), Synset('polity.n.02'), Synset('government.n.01')]	11
psychological_feature	center	['hypernym', 'hypernym', 'hyponym', 'hyponym', 'hypernym', 'hypernym', 'hypernym', 'hypernym']	[Synset('psychological_feature.n.01'), Synset('abstraction.n.06'), Synset('entity.n.01'), Synset('physical_entity.n.01'), Synset('object.n.01'), Synset('location.n.01'), Synset('region.n.03'), Synset('area.n.01'), Synset('center.n.01')]	8
person	medium	['hypernym', 'hyponym', 'hyponym', 'hypernym', 'hypernym']	[Synset('person.n.01'), Synset('causal_agent.n.01'), Synset('physical_entity.n.01'), Synset('matter.n.03'), Synset('substance.n.01'), Synset('medium.n.07')]	5
psychological_feature	israeliarab	[]	None	None
concept	reporter	['hyponym', 'hypernym', 'hyponym', 'hyponym', 'hypernym', 'hyponym', 'hypernym', 'holonym', 'hypernym', 'hypernym']	[Synset('concept.n.01'), Synset('idea.n.01'), Synset('content.n.05'), Synset('cognition.n.01'), Synset('psychological_feature.n.01'), Synset('abstraction.n.06'), Synset('group.n.01'), Synset('people.n.01'), Synset('person.n.01'), Synset('communicator.n.01'), Synset('reporter.n.01')]	10
concept	center	['hyponym', 'hypernym', 'hyponym', 'hyponym', 'hypernym', 'hypernym', 'hyponym', 'hyponym', 'hypernym', 'hypernym', 'hypernym', 'hypernym']	[Synset('concept.n.01'), Synset('idea.n.01'), Synset('content.n.05'), Synset('cognition.n.01'), Synset('psychological_feature.n.01'), Synset('abstraction.n.06'), Synset('entity.n.01'), Synset('physical_entity.n.01'), Synset('object.n.01'), Synset('location.n.01'), Synset('region.n.03'), Synset('area.n.01'), Synset('center.n.01')]	12
person	politics	['holonym', 'hypernym', 'hyponym', 'hypernym', 'hyponym', 'hyponym', 'hyponym', 'hypernym', 'hypernym', 'hypernym']	[Synset('person.n.01'), Synset('people.n.01'), Synset('group.n.01'), Synset('abstraction.n.06'), Synset('psychological_feature.n.01'), Synset('event.n.01'), Synset('act.n.02'), Synset('activity.n.01'), Synset('occupation.n.01'), Synset('profession.n.02'), Synset('politics.n.03')]	10
person	conflict	['holonym', 'hypernym', 'hyponym', 'hypernym', 'hyponym', 'hyponym', 'hypernym']	[Synset('person.n.01'), Synset('people.n.01'), Synset('group.n.01'), Synset('abstraction.n.06'), Synset('psychological_feature.n.01'), Synset('event.n.01'), Synset('group_action.n.01'), Synset('conflict.n.01')]	7
concept	spiro	[]	None	None
psychological_feature	governors	[]	None	-1
concept	interference	[]	None	-1
concept	politics	['hyponym', 'hypernym', 'hyponym', 'hyponym', 'hyponym', 'hyponym', 'hyponym', 'hypernym', 'hypernym', 'hypernym']	[Synset('concept.n.01'), Synset('idea.n.01'), Synset('content.n.05'), Synset('cognition.n.01'), Synset('psychological_feature.n.01'), Synset('event.n.01'), Synset('act.n.02'), Synset('activity.n.01'), Synset('occupation.n.01'), Synset('profession.n.02'), Synset('politics.n.03')]	10
psychological_feature	agnew	[]	None	None
person	newark	[]	None	-1
concept	news	['hyponym', 'hypernym', 'hyponym', 'hyponym', 'hypernym', 'hyponym', 'hypernym', 'hypernym', 'hypernym']	[Synset('concept.n.01'), Synset('idea.n.01'), Synset('content.n.05'), Synset('cognition.n.01'), Synset('psychological_feature.n.01'), Synset('abstraction.n.06'), Synset('communication.n.02'), Synset('message.n.02'), Synset('information.n.01'), Synset('news.n.01')]	9
psychological_feature	spiro	[]	None	None
psychological_feature	new	[]	None	-1
person	election	['holonym', 'hypernym', 'hyponym', 'hypernym', 'hyponym', 'hyponym', 'hypernym', 'hyponym', 'hypernym', 'hypernym', 'hypernym']	[Synset('person.n.01'), Synset('people.n.01'), Synset('group.n.01'), Synset('abstraction.n.06'), Synset('psychological_feature.n.01'), Synset('cognition.n.01'), Synset('content.n.05'), Synset('heresy.n.02'), Synset('docetism.n.01'), Synset('theological_doctrine.n.01'), Synset('predestination.n.02'), Synset('election.n.04')]	11
psychological_feature	interference	[]	None	-1
psychological_feature	east	['hypernym', 'hypernym', 'hyponym', 'hyponym', 'hypernym', 'hyponym']	[Synset('psychological_feature.n.01'), Synset('abstraction.n.06'), Synset('entity.n.01'), Synset('physical_entity.n.01'), Synset('object.n.01'), Synset('location.n.01'), Synset('east.n.05')]	6
act	newark	[]	None	-1
concept	agnew	[]	None	None
psychological_feature	news	['hypernym', 'hyponym', 'hypernym', 'hypernym', 'hypernym']	[Synset('psychological_feature.n.01'), Synset('abstraction.n.06'), Synset('communication.n.02'), Synset('message.n.02'), Synset('information.n.01'), Synset('news.n.01')]	5
psychological_feature	nj	[]	None	-1
concept	election	['hyponym', 'hypernym', 'hypernym', 'hyponym', 'hypernym', 'hypernym', 'hypernym']	[Synset('concept.n.01'), Synset('idea.n.01'), Synset('content.n.05'), Synset('heresy.n.02'), Synset('docetism.n.01'), Synset('theological_doctrine.n.01'), Synset('predestination.n.02'), Synset('election.n.04')]	7
concept	government	['hyponym', 'hypernym', 'hyponym', 'hyponym', 'hypernym', 'hyponym', 'hypernym', 'hypernym', 'hypernym', 'hypernym']	[Synset('concept.n.01'), Synset('idea.n.01'), Synset('content.n.05'), Synset('cognition.n.01'), Synset('psychological_feature.n.01'), Synset('abstraction.n.06'), Synset('group.n.01'), Synset('social_group.n.01'), Synset('organization.n.01'), Synset('polity.n.02'), Synset('government.n.01')]	10
psychological_feature	medium	['hypernym', 'hyponym', 'hyponym', 'hyponym', 'hypernym', 'hypernym', 'hypernym', 'hypernym']	[Synset('psychological_feature.n.01'), Synset('abstraction.n.06'), Synset('group.n.01'), Synset('arrangement.n.02'), Synset('flower_arrangement.n.01'), Synset('decoration.n.01'), Synset('artifact.n.01'), Synset('instrumentality.n.03'), Synset('medium.n.01')]	8
person	israeliarab	[]	None	None
person	government	['holonym', 'hypernym', 'hypernym', 'hypernym', 'hypernym', 'hypernym']	[Synset('person.n.01'), Synset('people.n.01'), Synset('group.n.01'), Synset('social_group.n.01'), Synset('organization.n.01'), Synset('polity.n.02'), Synset('government.n.01')]	6
act	state	['hyponym', 'hypernym', 'hypernym', 'hypernym', 'hypernym', 'hyponym', 'hyponym', 'hypernym']	[Synset('act.n.01'), Synset('legal_document.n.01'), Synset('document.n.01'), Synset('writing.n.02'), Synset('written_communication.n.01'), Synset('communication.n.02'), Synset('abstraction.n.06'), Synset('attribute.n.02'), Synset('state.n.02')]	8
act	medium	['hyponym', 'hypernym', 'hypernym', 'hypernym', 'hypernym', 'hyponym', 'hyponym', 'hyponym', 'hyponym', 'hypernym', 'hypernym', 'hypernym', 'hypernym']	[Synset('act.n.01'), Synset('legal_document.n.01'), Synset('document.n.01'), Synset('writing.n.02'), Synset('written_communication.n.01'), Synset('communication.n.02'), Synset('abstraction.n.06'), Synset('group.n.01'), Synset('arrangement.n.02'), Synset('flower_arrangement.n.01'), Synset('decoration.n.01'), Synset('artifact.n.01'), Synset('instrumentality.n.03'), Synset('medium.n.01')]	13
concept	israeliarab	[]	None	None
act	news	['hyponym', 'hyponym', 'hypernym', 'hypernym', 'hypernym', 'hypernym']	[Synset('act.n.01'), Synset('legal_document.n.01'), Synset('affidavit.n.01'), Synset('testimony.n.01'), Synset('evidence.n.03'), Synset('information.n.01'), Synset('news.n.01')]	6
act	east	['hyponym', 'hypernym', 'hypernym', 'hypernym', 'hypernym', 'hyponym', 'hypernym', 'hyponym', 'hyponym', 'hypernym', 'hyponym']	[Synset('act.n.01'), Synset('legal_document.n.01'), Synset('document.n.01'), Synset('writing.n.02'), Synset('written_communication.n.01'), Synset('communication.n.02'), Synset('abstraction.n.06'), Synset('entity.n.01'), Synset('physical_entity.n.01'), Synset('object.n.01'), Synset('location.n.01'), Synset('east.n.05')]	11
person	governor	['hypernym', 'hyponym', 'hyponym', 'hypernym', 'hypernym', 'hyponym', 'hypernym', 'hypernym', 'hypernym']	[Synset('person.n.01'), Synset('organism.n.01'), Synset('living_thing.n.01'), Synset('whole.n.02'), Synset('artifact.n.01'), Synset('instrumentality.n.03'), Synset('device.n.01'), Synset('mechanism.n.05'), Synset('control.n.09'), Synset('governor.n.02')]	9
act	interference	[]	None	-1
act	center	['hyponym', 'hypernym', 'hypernym', 'hypernym', 'hypernym', 'hyponym', 'hypernym', 'hyponym', 'hyponym', 'hypernym', 'hypernym', 'hypernym', 'hypernym']	[Synset('act.n.01'), Synset('legal_document.n.01'), Synset('document.n.01'), Synset('writing.n.02'), Synset('written_communication.n.01'), Synset('communication.n.02'), Synset('abstraction.n.06'), Synset('entity.n.01'), Synset('physical_entity.n.01'), Synset('object.n.01'), Synset('location.n.01'), Synset('region.n.03'), Synset('area.n.01'), Synset('center.n.01')]	13
act	nj	[]	None	-1
psychological_feature	newark	[]	None	-1
concept	governor	['hyponym', 'hypernym', 'hyponym', 'hyponym', 'hypernym', 'hyponym', 'hyponym', 'hyponym', 'hypernym', 'hypernym', 'hypernym', 'hyponym', 'hypernym', 'hypernym', 'hypernym']	[Synset('concept.n.01'), Synset('idea.n.01'), Synset('content.n.05'), Synset('cognition.n.01'), Synset('psychological_feature.n.01'), Synset('abstraction.n.06'), Synset('group.n.01'), Synset('arrangement.n.02'), Synset('flower_arrangement.n.01'), Synset('decoration.n.01'), Synset('artifact.n.01'), Synset('instrumentality.n.03'), Synset('device.n.01'), Synset('mechanism.n.05'), Synset('control.n.09'), Synset('governor.n.02')]	15
act	agnew	[]	None	None
act	spiro	[]	None	None
person	new	[]	None	-1
psychological_feature	united	[]	None	-1
person	interference	[]	None	-1
person	east	['hypernym', 'hyponym', 'hyponym', 'hypernym', 'hyponym']	[Synset('person.n.01'), Synset('causal_agent.n.01'), Synset('physical_entity.n.01'), Synset('object.n.01'), Synset('location.n.01'), Synset('east.n.05')]	5
concept	newark	[]	None	-1
act	election	['hyponym', 'hypernym', 'hypernym', 'hypernym', 'hypernym', 'hyponym', 'hypernym', 'hyponym', 'hyponym', 'hypernym', 'hyponym', 'hypernym', 'hypernym', 'hypernym']	[Synset('act.n.01'), Synset('legal_document.n.01'), Synset('document.n.01'), Synset('writing.n.02'), Synset('written_communication.n.01'), Synset('communication.n.02'), Synset('abstraction.n.06'), Synset('psychological_feature.n.01'), Synset('cognition.n.01'), Synset('content.n.05'), Synset('heresy.n.02'), Synset('docetism.n.01'), Synset('theological_doctrine.n.01'), Synset('predestination.n.02'), Synset('election.n.04')]	14
person	nj	[]	None	-1
psychological_feature	state	['hypernym', 'hyponym', 'hypernym']	[Synset('psychological_feature.n.01'), Synset('abstraction.n.06'), Synset('attribute.n.02'), Synset('state.n.02')]	3
concept	east	['hyponym', 'hypernym', 'hyponym', 'hyponym', 'hypernym', 'hypernym', 'hyponym', 'hyponym', 'hypernym', 'hyponym']	[Synset('concept.n.01'), Synset('idea.n.01'), Synset('content.n.05'), Synset('cognition.n.01'), Synset('psychological_feature.n.01'), Synset('abstraction.n.06'), Synset('entity.n.01'), Synset('physical_entity.n.01'), Synset('object.n.01'), Synset('location.n.01'), Synset('east.n.05')]	10
concept	conflict	['hyponym', 'hypernym', 'hyponym', 'hyponym', 'hyponym', 'hyponym', 'hypernym']	[Synset('concept.n.01'), Synset('idea.n.01'), Synset('content.n.05'), Synset('cognition.n.01'), Synset('psychological_feature.n.01'), Synset('event.n.01'), Synset('group_action.n.01'), Synset('conflict.n.01')]	7
concept	nj	[]	None	-1
person	office	['hypernym', 'hyponym', 'hyponym', 'hypernym', 'hypernym', 'hypernym', 'hypernym', 'hypernym']	[Synset('person.n.01'), Synset('organism.n.01'), Synset('living_thing.n.01'), Synset('whole.n.02'), Synset('artifact.n.01'), Synset('structure.n.01'), Synset('establishment.n.04'), Synset('place_of_business.n.01'), Synset('office.n.01')]	8
person	theodore	[]	None	None
concept	state	['hyponym', 'hypernym', 'hyponym', 'hyponym', 'hypernym', 'hyponym', 'hypernym']	[Synset('concept.n.01'), Synset('idea.n.01'), Synset('content.n.05'), Synset('cognition.n.01'), Synset('psychological_feature.n.01'), Synset('abstraction.n.06'), Synset('attribute.n.02'), Synset('state.n.02')]	7
act	office	['hyponym', 'hypernym', 'hypernym', 'hypernym', 'hypernym', 'hyponym', 'hyponym', 'hyponym', 'hyponym', 'hypernym', 'hypernym', 'hypernym', 'hypernym', 'hypernym', 'hypernym']	[Synset('act.n.01'), Synset('legal_document.n.01'), Synset('document.n.01'), Synset('writing.n.02'), Synset('written_communication.n.01'), Synset('communication.n.02'), Synset('abstraction.n.06'), Synset('group.n.01'), Synset('arrangement.n.02'), Synset('flower_arrangement.n.01'), Synset('decoration.n.01'), Synset('artifact.n.01'), Synset('structure.n.01'), Synset('establishment.n.04'), Synset('place_of_business.n.01'), Synset('office.n.01')]	15
psychological_feature	government	['hypernym', 'hyponym', 'hypernym', 'hypernym', 'hypernym', 'hypernym']	[Synset('psychological_feature.n.01'), Synset('abstraction.n.06'), Synset('group.n.01'), Synset('social_group.n.01'), Synset('organization.n.01'), Synset('polity.n.02'), Synset('government.n.01')]	6
act	israeliarab	[]	None	None
concept	medium	['hyponym', 'hypernym', 'hyponym', 'hyponym', 'hypernym', 'hyponym', 'hyponym', 'hyponym', 'hypernym', 'hypernym', 'hypernym', 'hypernym']	[Synset('concept.n.01'), Synset('idea.n.01'), Synset('content.n.05'), Synset('cognition.n.01'), Synset('psychological_feature.n.01'), Synset('abstraction.n.06'), Synset('group.n.01'), Synset('arrangement.n.02'), Synset('flower_arrangement.n.01'), Synset('decoration.n.01'), Synset('artifact.n.01'), Synset('instrumentality.n.03'), Synset('medium.n.01')]	12
psychological_feature	ethical_motive	['hyponym', 'hyponym']	[Synset('psychological_feature.n.01'), Synset('motivation.n.01'), Synset('ethical_motive.n.01')]	2
psychological_feature	assault	['hyponym', 'hyponym', 'hypernym', 'hypernym', 'hyponym']	[Synset('psychological_feature.n.01'), Synset('event.n.01'), Synset('group_action.n.01'), Synset('military_action.n.01'), Synset('battle.n.01'), Synset('assault.n.01')]	5
act	new	[]	None	-1
psychological_feature	Jersey	['hypernym', 'hyponym', 'hyponym', 'hypernym', 'hypernym', 'hypernym', 'hypernym', 'holonym', 'hypernym', 'hypernym']	[Synset('psychological_feature.n.01'), Synset('abstraction.n.06'), Synset('group.n.01'), Synset('biological_group.n.01'), Synset('taxonomic_group.n.01'), Synset('genus.n.02'), Synset('mammal_genus.n.01'), Synset('bos.n.01'), Synset('cattle.n.01'), Synset('dairy_cattle.n.01'), Synset('jersey.n.05')]	10
act	governor	['hyponym', 'hypernym', 'hypernym', 'hypernym', 'hypernym', 'hyponym', 'hyponym', 'hyponym', 'hyponym', 'hypernym', 'hypernym', 'hypernym', 'hyponym', 'hypernym', 'hypernym', 'hypernym']	[Synset('act.n.01'), Synset('legal_document.n.01'), Synset('document.n.01'), Synset('writing.n.02'), Synset('written_communication.n.01'), Synset('communication.n.02'), Synset('abstraction.n.06'), Synset('group.n.01'), Synset('arrangement.n.02'), Synset('flower_arrangement.n.01'), Synset('decoration.n.01'), Synset('artifact.n.01'), Synset('instrumentality.n.03'), Synset('device.n.01'), Synset('mechanism.n.05'), Synset('control.n.09'), Synset('governor.n.02')]	16

entity	de	[]	None	-1
abstractedness	armament	[]	None	-1
entity	western	[]	None	-1
abstractedness	franco	[]	None	-1
entity	sarin	['hyponym', 'hyponym', 'hyponym', 'hypernym', 'hyponym', 'hyponym']	[Synset('entity.n.01'), Synset('physical_entity.n.01'), Synset('causal_agent.n.01'), Synset('agent.n.03'), Synset('nerve_gas.n.01'), Synset('organophosphate_nerve_agent.n.01'), Synset('sarin.n.01')]	6
abstractedness	1st	[]	None	-1
abstractedness	khrushchev	[]	None	-1
abstractedness	international	[]	None	-1
abstractedness	afonso	[]	None	None
entity	league	['hypernym', 'hyponym', 'hypernym', 'hypernym', 'hyponym', 'hypernym']	[Synset('entity.n.01'), Synset('abstraction.n.06'), Synset('group.n.01'), Synset('social_group.n.01'), Synset('organization.n.01'), Synset('association.n.01'), Synset('league.n.01')]	6
abstractedness	ussr	[]	None	-1
entity	datum	['hypernym', 'hypernym', 'hyponym', 'hypernym', 'hyponym']	[Synset('entity.n.01'), Synset('abstraction.n.06'), Synset('psychological_feature.n.01'), Synset('cognition.n.01'), Synset('information.n.02'), Synset('datum.n.01')]	5
entity	cuba	[]	None	-1
abstractedness	kir	[]	None	None
entity	hemisphere	[]	None	-1
entity	specific	[]	None	-1
entity	cold	['hyponym', 'hyponym', 'hyponym', 'hyponym', 'hypernym', 'hypernym', 'hypernym', 'hypernym']	[Synset('entity.n.01'), Synset('physical_entity.n.01'), Synset('process.n.06'), Synset('degeneration.n.01'), Synset('macular_degeneration.n.01'), Synset('eye_disease.n.01'), Synset('disease.n.01'), Synset('respiratory_disease.n.01'), Synset('cold.n.01')]	8
entity	nitrogen	['hyponym', 'hyponym', 'hypernym', 'hyponym', 'hypernym']	[Synset('entity.n.01'), Synset('physical_entity.n.01'), Synset('matter.n.03'), Synset('substance.n.01'), Synset('chemical_element.n.01'), Synset('nitrogen.n.01')]	5
abstractedness	intergovernment	[]	None	None
entity	nikita	[]	None	None
entity	us	[]	None	-1
abstractedness	par	[]	None	-1
abstractedness	cuba	[]	None	-1
abstractedness	american	[]	None	-1
entity	state	['hypernym', 'hyponym', 'hypernym', 'hypernym', 'hypernym', 'hypernym', 'hypernym']	[Synset('entity.n.01'), Synset('abstraction.n.06'), Synset('group.n.01'), Synset('social_group.n.01'), Synset('organization.n.01'), Synset('unit.n.03'), Synset('political_unit.n.01'), Synset('state.n.04')]	7
abstractedness	specific	[]	None	-1
abstractedness	rusk	[]	None	-1
abstractedness	arinos	[]	None	None
entity	union	[]	None	-1
abstractedness	politics	[]	None	-1
entity	dean	[]	None	-1
abstractedness	felix	[]	None	None
abstractedness	relations	[]	None	-1
entity	American	['hyponym', 'hyponym', 'hypernym', 'hypernym', 'hypernym']	[Synset('entity.n.01'), Synset('physical_entity.n.01'), Synset('causal_agent.n.01'), Synset('person.n.01'), Synset('inhabitant.n.01'), Synset('american.n.01')]	5
entity	big	[]	None	-1
abstractedness	de	[]	None	-1
entity	1	[]	None	-1
abstractedness	motion	[]	None	-1
entity	franco	[]	None	-1
abstractedness	security	[]	None	-1
entity	Department_of_Commerce	['hypernym', 'hyponym', 'hypernym', 'hypernym', 'hypernym', 'hypernym', 'holonym', 'hyponym', 'hyponym', 'hyponym']	[Synset('entity.n.01'), Synset('abstraction.n.06'), Synset('group.n.01'), Synset('social_group.n.01'), Synset('organization.n.01'), Synset('polity.n.02'), Synset('government.n.01'), Synset('government_department.n.01'), Synset('federal_department.n.01'), Synset('executive_department.n.01'), Synset('department_of_commerce.n.01')]	10
abstractedness	powers	[]	None	-1
abstractedness	france	[]	None	-1
abstractedness	vacations	[]	None	-1
entity	government	['hypernym', 'hyponym', 'hypernym', 'hypernym', 'hypernym', 'hypernym']	[Synset('entity.n.01'), Synset('abstraction.n.06'), Synset('group.n.01'), Synset('social_group.n.01'), Synset('organization.n.01'), Synset('polity.n.02'), Synset('government.n.01')]	6
entity	ussr	[]	None	-1
entity	international	[]	None	-1
entity	afonso	[]	None	None
abstractedness	commerce	[]	None	-1
abstractedness	hemisphere	[]	None	-1
entity	intergovernment	[]	None	None
entity	armament	['hyponym', 'hyponym', 'hypernym', 'hypernym', 'hypernym', 'hypernym', 'hyponym']	[Synset('entity.n.01'), Synset('physical_entity.n.01'), Synset('object.n.01'), Synset('whole.n.02'), Synset('artifact.n.01'), Synset('instrumentality.n.03'), Synset('weaponry.n.01'), Synset('armament.n.01')]	7
entity	vacations	[]	None	-1
abstractedness	western	[]	None	-1
entity	melo	[]	None	None
abstractedness	us	[]	None	-1
abstractedness	socialist	[]	None	-1
entity	possession	['hypernym', 'hypernym', 'hypernym']	[Synset('entity.n.01'), Synset('abstraction.n.06'), Synset('relation.n.01'), Synset('possession.n.02')]	3
entity	picture	['hypernym', 'hypernym', 'hyponym', 'hypernym', 'hypernym', 'hypernym', 'hyponym', 'hyponym']	[Synset('entity.n.01'), Synset('abstraction.n.06'), Synset('psychological_feature.n.01'), Synset('cognition.n.01'), Synset('process.n.02'), Synset('basic_cognitive_process.n.01'), Synset('representational_process.n.01'), Synset('typification.n.01'), Synset('picture.n.09')]	8
entity	zwieback	['hyponym', 'hyponym', 'hypernym', 'hyponym', 'hyponym', 'hyponym', 'hypernym', 'hypernym']	[Synset('entity.n.01'), Synset('physical_entity.n.01'), Synset('matter.n.03'), Synset('solid.n.01'), Synset('food.n.02'), Synset('baked_goods.n.01'), Synset('bread.n.01'), Synset('toast.n.01'), Synset('zwieback.n.01')]	8
entity	politics	['hypernym', 'hypernym', 'hyponym', 'hyponym', 'hyponym', 'hypernym', 'hypernym', 'hypernym']	[Synset('entity.n.01'), Synset('abstraction.n.06'), Synset('psychological_feature.n.01'), Synset('event.n.01'), Synset('act.n.02'), Synset('activity.n.01'), Synset('occupation.n.01'), Synset('profession.n.02'), Synset('politics.n.03')]	8
entity	felix	[]	None	None
abstractedness	soviet	[]	None	-1
abstractedness	dean	[]	None	-1
abstractedness	mutual	[]	None	-1
abstractedness	productions	[]	None	-1
entity	relation	['hypernym', 'hypernym']	[Synset('entity.n.01'), Synset('abstraction.n.06'), Synset('relation.n.01')]	2
abstractedness	big	[]	None	-1
abstractedness	travel	[]	None	-1
abstractedness	sergeyevich	[]	None	None
abstractedness	1	[]	None	-1
abstractedness	war	[]	None	-1
entity	1st	[]	None	-1
entity	security	['hypernym', 'hyponym', 'hypernym', 'hyponym', 'hypernym', 'hypernym']	[Synset('entity.n.01'), Synset('abstraction.n.06'), Synset('attribute.n.02'), Synset('state.n.02'), Synset('condition.n.01'), Synset('safety.n.01'), Synset('security.n.01')]	6
abstractedness	nations	[]	None	-1
abstractedness	conferences	[]	None	-1
entity	sergeyevich	[]	None	None
abstractedness	union	[]	None	-1
entity	France	['hyponym', 'hyponym', 'hypernym', 'hypernym', 'hypernym', 'holonym', 'holonym', 'holonym']	[Synset('entity.n.01'), Synset('physical_entity.n.01'), Synset('causal_agent.n.01'), Synset('person.n.01'), Synset('inhabitant.n.01'), Synset('american.n.01'), Synset('united_states.n.01'), Synset('north_atlantic_treaty_organization.n.01'), Synset('france.n.01')]	8
abstractedness	government	[]	None	-1
abstractedness	nikita	[]	None	None
entity	reappraisal	['hypernym', 'hypernym', 'hyponym', 'hypernym', 'hypernym', 'hyponym', 'hyponym', 'hyponym']	[Synset('entity.n.01'), Synset('abstraction.n.06'), Synset('psychological_feature.n.01'), Synset('cognition.n.01'), Synset('process.n.02'), Synset('basic_cognitive_process.n.01'), Synset('classification.n.03'), Synset('appraisal.n.01'), Synset('reappraisal.n.01')]	8
entity	republics	[]	None	-1
entity	par	[]	None	-1
abstractedness	gb	[]	None	-1
entity	khrushchev	[]	None	-1
abstractedness	melo	[]	None	None
abstractedness	reviews	[]	None	-1
abstractedness	republics	[]	None	-1
entity	kir	[]	None	None
abstractedness	possessions	[]	None	-1
entity	ability	['hypernym', 'hypernym', 'hyponym', 'hyponym']	[Synset('entity.n.01'), Synset('abstraction.n.06'), Synset('psychological_feature.n.01'), Synset('cognition.n.01'), Synset('ability.n.02')]	4
abstractedness	data	[]	None	-1
abstractedness	cold	[]	None	-1
abstractedness	n	[]	None	-1
entity	soviet	['hypernym', 'hyponym', 'hypernym', 'hypernym', 'hypernym', 'hyponym', 'hyponym', 'hypernym']	[Synset('entity.n.01'), Synset('abstraction.n.06'), Synset('group.n.01'), Synset('social_group.n.01'), Synset('organization.n.01'), Synset('unit.n.03'), Synset('administrative_unit.n.01'), Synset('council.n.01'), Synset('soviet.n.01')]	8
abstractedness	festivals	[]	None	-1
entity	gesture	['hypernym', 'hypernym', 'hyponym', 'hyponym', 'hyponym', 'hypernym', 'hypernym', 'hyponym']	[Synset('entity.n.01'), Synset('abstraction.n.06'), Synset('psychological_feature.n.01'), Synset('event.n.01'), Synset('act.n.02'), Synset('action.n.01'), Synset('reverence.n.03'), Synset('curtsy.n.01'), Synset('gesture.n.02')]	8
entity	travel	['hypernym', 'hypernym', 'hyponym', 'hyponym', 'hyponym', 'hypernym', 'hypernym', 'hypernym']	[Synset('entity.n.01'), Synset('abstraction.n.06'), Synset('psychological_feature.n.01'), Synset('event.n.01'), Synset('act.n.02'), Synset('action.n.01'), Synset('change.n.03'), Synset('motion.n.06'), Synset('travel.n.01')]	8
entity	mutual	[]	None	-1
entity	production	['hypernym', 'hyponym', 'hyponym', 'hyponym', 'hyponym']	[Synset('entity.n.01'), Synset('abstraction.n.06'), Synset('communication.n.02'), Synset('display.n.05'), Synset('presentation.n.03'), Synset('production.n.02')]	5
entity	war	['hypernym', 'hypernym', 'hyponym', 'hyponym', 'hypernym', 'hypernym']	[Synset('entity.n.01'), Synset('abstraction.n.06'), Synset('psychological_feature.n.01'), Synset('event.n.01'), Synset('group_action.n.01'), Synset('military_action.n.01'), Synset('war.n.01')]	6
entity	arinos	[]	None	None
entity	festival	['hypernym', 'hyponym', 'hyponym', 'hyponym', 'hypernym']	[Synset('entity.n.01'), Synset('abstraction.n.06'), Synset('measure.n.02'), Synset('fundamental_quantity.n.01'), Synset('time_period.n.01'), Synset('festival.n.01')]	5
entity	socialist	[]	None	-1
abstractedness	pictures	[]	None	-1

drawing_card	government	['hypernym', 'hypernym', 'holonym', 'hypernym', 'hypernym', 'hypernym', 'hypernym', 'hypernym']	[Synset('drawing_card.n.01'), Synset('entertainer.n.01'), Synset('person.n.01'), Synset('people.n.01'), Synset('group.n.01'), Synset('social_group.n.01'), Synset('organization.n.01'), Synset('polity.n.02'), Synset('government.n.01')]	8
drawing_card	j	[]	None	-1
drawing_card	domingo	[]	None	-1
entity	deaths	[]	None	-1
drawing_card	vanden	[]	None	None
drawing_card	five	['hypernym', 'hypernym', 'holonym', 'hypernym', 'hyponym', 'hyponym', 'hyponym', 'hyponym', 'hypernym', 'hypernym', 'hyponym']	[Synset('drawing_card.n.01'), Synset('entertainer.n.01'), Synset('person.n.01'), Synset('people.n.01'), Synset('group.n.01'), Synset('abstraction.n.06'), Synset('measure.n.02'), Synset('definite_quantity.n.01'), Synset('number.n.02'), Synset('integer.n.01'), Synset('digit.n.01'), Synset('five.n.01')]	11
drawing_card	connally	[]	None	None
entity	motion	['hypernym', 'hypernym', 'hyponym', 'hyponym', 'hyponym', 'hypernym', 'hypernym']	[Synset('entity.n.01'), Synset('abstraction.n.06'), Synset('psychological_feature.n.01'), Synset('event.n.01'), Synset('act.n.02'), Synset('action.n.01'), Synset('change.n.03'), Synset('motion.n.03')]	7
entity	interfaith	[]	None	-1
drawing_card	tom	[]	None	-1
entity	politics	['hypernym', 'hypernym', 'hyponym', 'hyponym', 'hyponym', 'hypernym', 'hypernym', 'hypernym']	[Synset('entity.n.01'), Synset('abstraction.n.06'), Synset('psychological_feature.n.01'), Synset('event.n.01'), Synset('act.n.02'), Synset('activity.n.01'), Synset('occupation.n.01'), Synset('profession.n.02'), Synset('politics.n.03')]	8
drawing_card	Argentina	['hypernym', 'hypernym', 'holonym', 'hypernym', 'hyponym', 'hypernym', 'hypernym', 'hypernym', 'hypernym']	[Synset('drawing_card.n.01'), Synset('entertainer.n.01'), Synset('person.n.01'), Synset('people.n.01'), Synset('group.n.01'), Synset('biological_group.n.01'), Synset('taxonomic_group.n.01'), Synset('genus.n.02'), Synset('fish_genus.n.01'), Synset('argentina.n.02')]	9
entity	duarte	[]	None	None
drawing_card	religion	['hypernym', 'hypernym', 'holonym', 'hypernym', 'hyponym', 'hypernym', 'hyponym', 'hyponym', 'hyponym', 'hypernym']	[Synset('drawing_card.n.01'), Synset('entertainer.n.01'), Synset('person.n.01'), Synset('people.n.01'), Synset('group.n.01'), Synset('abstraction.n.06'), Synset('psychological_feature.n.01'), Synset('cognition.n.01'), Synset('content.n.05'), Synset('belief.n.01'), Synset('religion.n.01')]	10
entity	state	['hypernym', 'hyponym', 'hypernym']	[Synset('entity.n.01'), Synset('abstraction.n.06'), Synset('attribute.n.02'), Synset('state.n.02')]	3
drawing_card	eva	[]	None	None
drawing_card	lindsay	[]	None	-1
entity	lindsay	[]	None	-1
drawing_card	wm	[]	None	None
entity	eva	[]	None	None
drawing_card	state	['hypernym', 'hypernym', 'holonym', 'hypernym', 'hyponym', 'hyponym', 'hypernym']	[Synset('drawing_card.n.01'), Synset('entertainer.n.01'), Synset('person.n.01'), Synset('people.n.01'), Synset('group.n.01'), Synset('abstraction.n.06'), Synset('attribute.n.02'), Synset('state.n.02')]	7
entity	religion	['hypernym', 'hypernym', 'hyponym', 'hyponym', 'hyponym', 'hypernym']	[Synset('entity.n.01'), Synset('abstraction.n.06'), Synset('psychological_feature.n.01'), Synset('cognition.n.01'), Synset('content.n.05'), Synset('belief.n.01'), Synset('religion.n.01')]	6
drawing_card	duarte	[]	None	None
entity	Argentina	['hypernym', 'hyponym', 'hyponym', 'hypernym', 'hypernym', 'hypernym', 'hypernym']	[Synset('entity.n.01'), Synset('abstraction.n.06'), Synset('group.n.01'), Synset('biological_group.n.01'), Synset('taxonomic_group.n.01'), Synset('genus.n.02'), Synset('fish_genus.n.01'), Synset('argentina.n.02')]	7
drawing_card	politics	['hypernym', 'hypernym', 'holonym', 'hypernym', 'hyponym', 'hypernym', 'hyponym', 'hyponym', 'hyponym', 'hypernym', 'hypernym', 'hypernym']	[Synset('drawing_card.n.01'), Synset('entertainer.n.01'), Synset('person.n.01'), Synset('people.n.01'), Synset('group.n.01'), Synset('abstraction.n.06'), Synset('psychological_feature.n.01'), Synset('event.n.01'), Synset('act.n.02'), Synset('activity.n.01'), Synset('occupation.n.01'), Synset('profession.n.02'), Synset('politics.n.03')]	12
entity	tom	['hypernym', 'hyponym', 'hyponym', 'hyponym', 'hyponym', 'holonym', 'hypernym']	[Synset('entity.n.01'), Synset('abstraction.n.06'), Synset('group.n.01'), Synset('biological_group.n.01'), Synset('animal_group.n.01'), Synset('clowder.n.01'), Synset('domestic_cat.n.01'), Synset('tom.n.02')]	7
drawing_card	interfaith	[]	None	-1
drawing_card	motion	['hypernym', 'hypernym', 'holonym', 'hypernym', 'hyponym', 'hypernym', 'hyponym', 'hyponym', 'hyponym', 'hypernym', 'hypernym']	[Synset('drawing_card.n.01'), Synset('entertainer.n.01'), Synset('person.n.01'), Synset('people.n.01'), Synset('group.n.01'), Synset('abstraction.n.06'), Synset('psychological_feature.n.01'), Synset('event.n.01'), Synset('act.n.02'), Synset('action.n.01'), Synset('change.n.03'), Synset('motion.n.03')]	11
entity	connally	[]	None	None
entity	volt	['hypernym', 'hyponym', 'hyponym', 'hypernym', 'hypernym', 'hypernym', 'hypernym']	[Synset('entity.n.01'), Synset('abstraction.n.06'), Synset('measure.n.02'), Synset('definite_quantity.n.01'), Synset('unit_of_measurement.n.01'), Synset('electromagnetic_unit.n.01'), Synset('potential_unit.n.01'), Synset('volt.n.01')]	7
entity	vanden	[]	None	None
drawing_card	death	['hypernym', 'hypernym', 'holonym', 'hypernym', 'hyponym', 'hyponym', 'hypernym', 'hypernym']	[Synset('drawing_card.n.01'), Synset('entertainer.n.01'), Synset('person.n.01'), Synset('people.n.01'), Synset('group.n.01'), Synset('abstraction.n.06'), Synset('attribute.n.02'), Synset('state.n.02'), Synset('death.n.03')]	8
entity	domingo	[]	None	-1
entity	J	['hypernym', 'hyponym', 'hypernym', 'hyponym', 'hyponym', 'hypernym', 'hypernym', 'hypernym', 'holonym', 'hypernym']	[Synset('entity.n.01'), Synset('abstraction.n.06'), Synset('communication.n.02'), Synset('message.n.02'), Synset('acknowledgment.n.03'), Synset('credits.n.01'), Synset('list.n.01'), Synset('character_set.n.01'), Synset('alphabet.n.01'), Synset('letter.n.02'), Synset('j.n.02')]	10
entity	government	['hypernym', 'hyponym', 'hypernym', 'hypernym', 'hypernym', 'hypernym']	[Synset('entity.n.01'), Synset('abstraction.n.06'), Synset('group.n.01'), Synset('social_group.n.01'), Synset('organization.n.01'), Synset('polity.n.02'), Synset('government.n.01')]	6
entity	heuvel	[]	None	None
entity	juan	[]	None	None
entity	john	[]	None	-1
entity	wm	[]	None	None
drawing_card	india	[]	None	-1
entity	peron	[]	None	-1
entity	united	[]	None	-1
drawing_card	church	['hypernym', 'hypernym', 'holonym', 'hypernym', 'hypernym', 'hypernym', 'hypernym', 'hypernym', 'hypernym']	[Synset('drawing_card.n.01'), Synset('entertainer.n.01'), Synset('person.n.01'), Synset('people.n.01'), Synset('group.n.01'), Synset('social_group.n.01'), Synset('organization.n.01'), Synset('institution.n.01'), Synset('religion.n.02'), Synset('church.n.01')]	9
entity	church	['hypernym', 'hyponym', 'hypernym', 'hypernym', 'hypernym', 'hypernym', 'hypernym']	[Synset('entity.n.01'), Synset('abstraction.n.06'), Synset('group.n.01'), Synset('social_group.n.01'), Synset('organization.n.01'), Synset('institution.n.01'), Synset('religion.n.02'), Synset('church.n.01')]	7
drawing_card	peron	[]	None	-1
drawing_card	united	[]	None	-1
entity	India	['hyponym', 'hyponym', 'hypernym', 'hypernym', 'hyponym', 'holonym', 'holonym', 'holonym']	[Synset('entity.n.01'), Synset('physical_entity.n.01'), Synset('causal_agent.n.01'), Synset('person.n.01'), Synset('inhabitant.n.01'), Synset('australian.n.01'), Synset('australia.n.01'), Synset('british_commonwealth.n.01'), Synset('india.n.01')]	8
drawing_card	whoremaster	['hypernym', 'hypernym', 'holonym', 'hypernym', 'hyponym', 'hypernym', 'hyponym', 'holonym', 'hypernym']	[Synset('drawing_card.n.01'), Synset('entertainer.n.01'), Synset('person.n.01'), Synset('people.n.01'), Synset('group.n.01'), Synset('abstraction.n.06'), Synset('relation.n.01'), Synset('business_relation.n.01'), Synset('customer.n.01'), Synset('whoremaster.n.01')]	9
drawing_card	juan	[]	None	None
drawing_card	heuvel	[]	None	None
