psychological_feature	news	[]	None	-1
person	new	[]	None	-1
person	politics	[]	None	-1
person	middle	[]	None	-1
psychological_feature	middle	[]	None	-1
psychological_feature	politics	['hyponym', 'hyponym', 'hypernym', 'hypernym', 'hypernym', 'hypernym', 'hypernym']	[Synset('psychological_feature.n.01'), Synset('cognition.n.01'), Synset('content.n.05'), Synset('knowledge_domain.n.01'), Synset('discipline.n.01'), Synset('science.n.01'), Synset('social_science.n.01'), Synset('politics.n.02')]	7
concept	united	[]	None	-1
concept	news	['hyponym', 'hypernym', 'hyponym', 'hyponym', 'hypernym', 'hyponym', 'hypernym', 'hypernym', 'hypernym']	[Synset('concept.n.01'), Synset('idea.n.01'), Synset('content.n.05'), Synset('cognition.n.01'), Synset('psychological_feature.n.01'), Synset('abstraction.n.06'), Synset('communication.n.02'), Synset('message.n.02'), Synset('information.n.01'), Synset('news.n.01')]	9
person	hindrance	['hypernym', 'hyponym', 'hyponym', 'hypernym', 'hypernym', 'hypernym', 'hyponym']	[Synset('person.n.01'), Synset('organism.n.01'), Synset('living_thing.n.01'), Synset('whole.n.02'), Synset('artifact.n.01'), Synset('structure.n.01'), Synset('obstruction.n.01'), Synset('hindrance.n.02')]	7
person	nj	[]	None	-1
psychological_feature	government	['hypernym', 'hyponym', 'hypernym', 'hypernym', 'hypernym', 'hypernym']	[Synset('psychological_feature.n.01'), Synset('abstraction.n.06'), Synset('group.n.01'), Synset('social_group.n.01'), Synset('organization.n.01'), Synset('polity.n.02'), Synset('government.n.01')]	6
psychological_feature	east	['hypernym', 'hypernym', 'hyponym', 'hyponym', 'hypernym', 'hyponym']	[Synset('psychological_feature.n.01'), Synset('abstraction.n.06'), Synset('entity.n.01'), Synset('physical_entity.n.01'), Synset('object.n.01'), Synset('location.n.01'), Synset('east.n.05')]	6
psychological_feature	ethical_motive	['hyponym', 'hyponym']	[Synset('psychological_feature.n.01'), Synset('motivation.n.01'), Synset('ethical_motive.n.01')]	2
concept	spiro	[]	None	None
psychological_feature	jersey	[]	None	-1
concept	state	['hyponym', 'hypernym', 'hyponym', 'hyponym', 'hypernym', 'hyponym', 'hypernym']	[Synset('concept.n.01'), Synset('idea.n.01'), Synset('content.n.05'), Synset('cognition.n.01'), Synset('psychological_feature.n.01'), Synset('abstraction.n.06'), Synset('attribute.n.02'), Synset('state.n.02')]	7
person	israeliarab	[]	None	None
psychological_feature	state	['hypernym', 'hyponym', 'hypernym']	[Synset('psychological_feature.n.01'), Synset('abstraction.n.06'), Synset('attribute.n.02'), Synset('state.n.02')]	3
psychological_feature	theodore	[]	None	None
psychological_feature	israeliarab	[]	None	None
person	theodore	[]	None	None
psychological_feature	spiro	[]	None	None
concept	government	['hyponym', 'hypernym', 'hyponym', 'hyponym', 'hypernym', 'hyponym', 'hypernym', 'hypernym', 'hypernym', 'hypernym']	[Synset('concept.n.01'), Synset('idea.n.01'), Synset('content.n.05'), Synset('cognition.n.01'), Synset('psychological_feature.n.01'), Synset('abstraction.n.06'), Synset('group.n.01'), Synset('social_group.n.01'), Synset('organization.n.01'), Synset('polity.n.02'), Synset('government.n.01')]	10
person	ethical_motive	['holonym', 'hypernym', 'hyponym', 'hypernym', 'hyponym', 'hyponym']	[Synset('person.n.01'), Synset('people.n.01'), Synset('group.n.01'), Synset('abstraction.n.06'), Synset('psychological_feature.n.01'), Synset('motivation.n.01'), Synset('ethical_motive.n.01')]	6
psychological_feature	united	[]	None	-1
person	governors	[]	None	-1
concept	politics	['hyponym', 'hypernym', 'hypernym', 'hypernym', 'hypernym', 'hypernym', 'hypernym']	[Synset('concept.n.01'), Synset('idea.n.01'), Synset('content.n.05'), Synset('knowledge_domain.n.01'), Synset('discipline.n.01'), Synset('science.n.01'), Synset('social_science.n.01'), Synset('politics.n.02')]	7
concept	center	['hyponym', 'hypernym', 'hyponym', 'hyponym', 'hypernym', 'hypernym', 'hyponym', 'hyponym', 'hypernym', 'hypernym', 'hypernym', 'hypernym']	[Synset('concept.n.01'), Synset('idea.n.01'), Synset('content.n.05'), Synset('cognition.n.01'), Synset('psychological_feature.n.01'), Synset('abstraction.n.06'), Synset('entity.n.01'), Synset('physical_entity.n.01'), Synset('object.n.01'), Synset('location.n.01'), Synset('region.n.03'), Synset('area.n.01'), Synset('center.n.01')]	12
person	newark	[]	None	-1
concept	intervention	['hyponym', 'hypernym', 'hyponym', 'hypernym', 'hyponym', 'hypernym', 'hypernym', 'hypernym', 'hypernym', 'hypernym', 'hypernym']	[Synset('concept.n.01'), Synset('idea.n.01'), Synset('content.n.05'), Synset('cognition.n.01'), Synset('process.n.02'), Synset('higher_cognitive_process.n.01'), Synset('thinking.n.01'), Synset('reasoning.n.01'), Synset('argumentation.n.02'), Synset('policy.n.02'), Synset('foreign_policy.n.01'), Synset('intervention.n.02')]	11
psychological_feature	conflict	[]	None	-1
psychological_feature	newsmen	[]	None	-1
concept	nj	[]	None	-1
concept	agency	['hyponym', 'hypernym', 'hyponym', 'hyponym', 'hypernym', 'hyponym', 'hypernym', 'hypernym', 'hypernym', 'hyponym', 'hyponym']	[Synset('concept.n.01'), Synset('idea.n.01'), Synset('content.n.05'), Synset('cognition.n.01'), Synset('psychological_feature.n.01'), Synset('abstraction.n.06'), Synset('group.n.01'), Synset('social_group.n.01'), Synset('organization.n.01'), Synset('unit.n.03'), Synset('administrative_unit.n.01'), Synset('agency.n.01')]	11
concept	medium	['hyponym', 'hypernym', 'hyponym', 'hyponym', 'hypernym', 'hypernym', 'hypernym', 'hypernym', 'hypernym']	[Synset('concept.n.01'), Synset('idea.n.01'), Synset('content.n.05'), Synset('cognition.n.01'), Synset('psychological_feature.n.01'), Synset('abstraction.n.06'), Synset('relation.n.01'), Synset('part.n.01'), Synset('substance.n.01'), Synset('medium.n.07')]	9
concept	agnew	[]	None	None
concept	assaults	[]	None	-1
concept	elections	[]	None	-1
person	government	['holonym', 'hypernym', 'hypernym', 'hypernym', 'hypernym', 'hypernym']	[Synset('person.n.01'), Synset('people.n.01'), Synset('group.n.01'), Synset('social_group.n.01'), Synset('organization.n.01'), Synset('polity.n.02'), Synset('government.n.01')]	6
concept	governor	['hyponym', 'hypernym', 'hyponym', 'hyponym', 'hypernym', 'hyponym', 'hypernym', 'holonym', 'hypernym', 'hypernym', 'hypernym']	[Synset('concept.n.01'), Synset('idea.n.01'), Synset('content.n.05'), Synset('cognition.n.01'), Synset('psychological_feature.n.01'), Synset('abstraction.n.06'), Synset('group.n.01'), Synset('people.n.01'), Synset('person.n.01'), Synset('leader.n.01'), Synset('politician.n.01'), Synset('governor.n.01')]	11
psychological_feature	elections	[]	None	-1
psychological_feature	new	[]	None	-1
concept	newark	[]	None	-1
psychological_feature	medium	['hypernym', 'hypernym', 'hyponym', 'hyponym', 'hypernym', 'hypernym', 'hypernym', 'hypernym']	[Synset('psychological_feature.n.01'), Synset('abstraction.n.06'), Synset('entity.n.01'), Synset('physical_entity.n.01'), Synset('object.n.01'), Synset('whole.n.02'), Synset('artifact.n.01'), Synset('instrumentality.n.03'), Synset('medium.n.01')]	8
psychological_feature	agency	['hypernym', 'hyponym', 'hypernym', 'hypernym', 'hypernym', 'hyponym', 'hyponym']	[Synset('psychological_feature.n.01'), Synset('abstraction.n.06'), Synset('group.n.01'), Synset('social_group.n.01'), Synset('organization.n.01'), Synset('unit.n.03'), Synset('administrative_unit.n.01'), Synset('agency.n.01')]	7
person	jersey	['hypernym', 'hyponym', 'hyponym', 'hypernym', 'hypernym', 'hypernym', 'hypernym', 'hypernym', 'hypernym', 'hyponym']	[Synset('person.n.01'), Synset('organism.n.01'), Synset('living_thing.n.01'), Synset('whole.n.02'), Synset('artifact.n.01'), Synset('covering.n.02'), Synset('clothing.n.01'), Synset('garment.n.01'), Synset('sweater.n.01'), Synset('turtleneck.n.01'), Synset('jersey.n.03')]	10
person	reporter	['hypernym', 'hypernym']	[Synset('person.n.01'), Synset('communicator.n.01'), Synset('reporter.n.01')]	2
person	east	['holonym', 'hypernym', 'hyponym', 'hypernym', 'hypernym', 'hypernym', 'hyponym', 'hypernym', 'hypernym']	[Synset('person.n.01'), Synset('people.n.01'), Synset('group.n.01'), Synset('abstraction.n.06'), Synset('relation.n.01'), Synset('position.n.07'), Synset('direction.n.02'), Synset('compass_point.n.01'), Synset('cardinal_compass_point.n.01'), Synset('east.n.01')]	9
psychological_feature	nj	[]	None	-1
concept	conflict	['hyponym', 'hypernym', 'hyponym', 'hyponym', 'hyponym', 'hyponym', 'hypernym']	[Synset('concept.n.01'), Synset('idea.n.01'), Synset('content.n.05'), Synset('cognition.n.01'), Synset('psychological_feature.n.01'), Synset('event.n.01'), Synset('group_action.n.01'), Synset('conflict.n.01')]	7
psychological_feature	newark	[]	None	-1
person	medium	['hypernym', 'hyponym', 'hyponym', 'hypernym', 'hypernym', 'hypernym']	[Synset('person.n.01'), Synset('organism.n.01'), Synset('living_thing.n.01'), Synset('whole.n.02'), Synset('artifact.n.01'), Synset('instrumentality.n.03'), Synset('medium.n.01')]	6
concept	new	[]	None	-1
person	agency	['holonym', 'hypernym', 'hypernym', 'hypernym', 'hypernym', 'hyponym', 'hyponym']	[Synset('person.n.01'), Synset('people.n.01'), Synset('group.n.01'), Synset('social_group.n.01'), Synset('organization.n.01'), Synset('unit.n.03'), Synset('administrative_unit.n.01'), Synset('agency.n.01')]	7
person	agnew	[]	None	None
psychological_feature	governor	['hypernym', 'hyponym', 'hypernym', 'holonym', 'hypernym', 'hypernym', 'hypernym']	[Synset('psychological_feature.n.01'), Synset('abstraction.n.06'), Synset('group.n.01'), Synset('people.n.01'), Synset('person.n.01'), Synset('leader.n.01'), Synset('politician.n.01'), Synset('governor.n.01')]	7
person	assaults	[]	None	-1
person	elections	[]	None	-1
person	united	[]	None	-1
person	news	['holonym', 'hypernym', 'hyponym', 'hyponym', 'hypernym', 'hypernym', 'hypernym']	[Synset('person.n.01'), Synset('people.n.01'), Synset('group.n.01'), Synset('abstraction.n.06'), Synset('communication.n.02'), Synset('message.n.02'), Synset('information.n.01'), Synset('news.n.01')]	7
person	spiro	[]	None	None
psychological_feature	agnew	[]	None	None
psychological_feature	assaults	[]	None	-1
person	state	['holonym', 'hypernym', 'hyponym', 'hyponym', 'hypernym']	[Synset('person.n.01'), Synset('people.n.01'), Synset('group.n.01'), Synset('abstraction.n.06'), Synset('attribute.n.02'), Synset('state.n.02')]	5
concept	israeliarab	[]	None	None
concept	theodore	[]	None	None
concept	jersey	['hyponym', 'hypernym', 'hyponym', 'hyponym', 'hypernym', 'hypernym', 'hyponym', 'hyponym', 'hypernym', 'hypernym', 'hypernym', 'hypernym', 'hypernym', 'hypernym', 'hypernym', 'hyponym']	[Synset('concept.n.01'), Synset('idea.n.01'), Synset('content.n.05'), Synset('cognition.n.01'), Synset('psychological_feature.n.01'), Synset('abstraction.n.06'), Synset('entity.n.01'), Synset('physical_entity.n.01'), Synset('object.n.01'), Synset('whole.n.02'), Synset('artifact.n.01'), Synset('covering.n.02'), Synset('clothing.n.01'), Synset('garment.n.01'), Synset('sweater.n.01'), Synset('turtleneck.n.01'), Synset('jersey.n.03')]	16
concept	reporter	['hyponym', 'hypernym', 'hyponym', 'hyponym', 'hypernym', 'hyponym', 'hypernym', 'holonym', 'hypernym', 'hypernym']	[Synset('concept.n.01'), Synset('idea.n.01'), Synset('content.n.05'), Synset('cognition.n.01'), Synset('psychological_feature.n.01'), Synset('abstraction.n.06'), Synset('group.n.01'), Synset('people.n.01'), Synset('person.n.01'), Synset('communicator.n.01'), Synset('reporter.n.01')]	10
concept	ethical_motive	['hyponym', 'hypernym', 'hyponym', 'hyponym', 'hyponym', 'hyponym']	[Synset('concept.n.01'), Synset('idea.n.01'), Synset('content.n.05'), Synset('cognition.n.01'), Synset('psychological_feature.n.01'), Synset('motivation.n.01'), Synset('ethical_motive.n.01')]	6
concept	east	['hyponym', 'hypernym', 'hyponym', 'hyponym', 'hypernym', 'hypernym', 'hypernym', 'hypernym', 'hyponym', 'hypernym', 'hypernym']	[Synset('concept.n.01'), Synset('idea.n.01'), Synset('content.n.05'), Synset('cognition.n.01'), Synset('psychological_feature.n.01'), Synset('abstraction.n.06'), Synset('relation.n.01'), Synset('position.n.07'), Synset('direction.n.02'), Synset('compass_point.n.01'), Synset('cardinal_compass_point.n.01'), Synset('east.n.01')]	11
psychological_feature	intervention	['hyponym', 'hypernym', 'hyponym', 'hypernym', 'hypernym', 'hypernym', 'hypernym', 'hypernym', 'hypernym']	[Synset('psychological_feature.n.01'), Synset('cognition.n.01'), Synset('process.n.02'), Synset('higher_cognitive_process.n.01'), Synset('thinking.n.01'), Synset('reasoning.n.01'), Synset('argumentation.n.02'), Synset('policy.n.02'), Synset('foreign_policy.n.01'), Synset('intervention.n.02')]	9
person	conflict	['holonym', 'hypernym', 'hyponym', 'hypernym', 'hyponym', 'hyponym', 'hypernym']	[Synset('person.n.01'), Synset('people.n.01'), Synset('group.n.01'), Synset('abstraction.n.06'), Synset('psychological_feature.n.01'), Synset('event.n.01'), Synset('group_action.n.01'), Synset('conflict.n.01')]	7

vote	Western	['hyponym', 'hypernym', 'hypernym', 'hyponym', 'hypernym', 'hyponym', 'hyponym', 'hyponym', 'hypernym', 'hypernym', 'hyponym', 'hyponym', 'hyponym']	[Synset('vote.n.05'), Synset('numerical_quantity.n.01'), Synset('quantity.n.03'), Synset('concept.n.01'), Synset('idea.n.01'), Synset('content.n.05'), Synset('cognition.n.01'), Synset('psychological_feature.n.01'), Synset('event.n.01'), Synset('social_event.n.01'), Synset('show.n.03'), Synset('movie.n.01'), Synset('feature.n.03'), Synset('western.n.01')]	13
social_group	Western	['hypernym', 'hyponym', 'hypernym', 'hyponym', 'hypernym', 'hypernym', 'hyponym', 'hyponym', 'hyponym']	[Synset('social_group.n.01'), Synset('group.n.01'), Synset('abstraction.n.06'), Synset('psychological_feature.n.01'), Synset('event.n.01'), Synset('social_event.n.01'), Synset('show.n.03'), Synset('movie.n.01'), Synset('feature.n.03'), Synset('western.n.01')]	9
vote	felix	[]	None	None
vote	hemisphere	[]	None	-1
social_group	hemisphere	[]	None	-1
social_group	felix	[]	None	None
vote	war	[]	None	-1
social_group	war	[]	None	-1
concept	security	['hyponym', 'hypernym', 'hyponym', 'hyponym', 'hypernym', 'hyponym', 'hyponym', 'hyponym', 'hyponym', 'hypernym']	[Synset('concept.n.01'), Synset('idea.n.01'), Synset('content.n.05'), Synset('cognition.n.01'), Synset('psychological_feature.n.01'), Synset('abstraction.n.06'), Synset('communication.n.02'), Synset('document.n.03'), Synset('debt_instrument.n.01'), Synset('bond.n.02'), Synset('security.n.04')]	10
concept	kir	[]	None	None
concept	government	['hyponym', 'hypernym', 'hyponym', 'hyponym', 'hypernym', 'hyponym', 'hypernym', 'hypernym', 'hypernym', 'hypernym']	[Synset('concept.n.01'), Synset('idea.n.01'), Synset('content.n.05'), Synset('cognition.n.01'), Synset('psychological_feature.n.01'), Synset('abstraction.n.06'), Synset('group.n.01'), Synset('social_group.n.01'), Synset('organization.n.01'), Synset('polity.n.02'), Synset('government.n.01')]	10
concept	melo	[]	None	None
concept	relation	['hyponym', 'hypernym', 'hyponym', 'hyponym', 'hypernym', 'hypernym']	[Synset('concept.n.01'), Synset('idea.n.01'), Synset('content.n.05'), Synset('cognition.n.01'), Synset('psychological_feature.n.01'), Synset('abstraction.n.06'), Synset('relation.n.01')]	6
vote	intergovernment	[]	None	None
social_group	intergovernment	[]	None	None
vote	khrushchev	[]	None	-1
social_group	khrushchev	[]	None	-1
vote	dean	[]	None	-1
vote	afonso	[]	None	None
concept	union	[]	None	-1
social_group	dean	['hypernym', 'hypernym', 'holonym', 'hypernym', 'hypernym', 'hypernym', 'hypernym', 'hypernym']	[Synset('social_group.n.01'), Synset('group.n.01'), Synset('people.n.01'), Synset('person.n.01'), Synset('leader.n.01'), Synset('head.n.04'), Synset('administrator.n.01'), Synset('academic_administrator.n.01'), Synset('dean.n.01')]	8
social_group	afonso	[]	None	None
vote	vacations	[]	None	-1
social_group	vacations	[]	None	-1
vote	motion	['hyponym', 'hypernym', 'hypernym', 'hyponym', 'hypernym', 'hyponym', 'hyponym', 'hyponym', 'hyponym', 'hyponym', 'hypernym', 'hypernym']	[Synset('vote.n.05'), Synset('numerical_quantity.n.01'), Synset('quantity.n.03'), Synset('concept.n.01'), Synset('idea.n.01'), Synset('content.n.05'), Synset('cognition.n.01'), Synset('psychological_feature.n.01'), Synset('event.n.01'), Synset('act.n.02'), Synset('action.n.01'), Synset('change.n.03'), Synset('motion.n.06')]	12
concept	rusk	[]	None	-1
social_group	motion	['hypernym', 'hyponym', 'hypernym', 'hyponym', 'hyponym', 'hyponym', 'hypernym', 'hypernym']	[Synset('social_group.n.01'), Synset('group.n.01'), Synset('abstraction.n.06'), Synset('psychological_feature.n.01'), Synset('event.n.01'), Synset('act.n.02'), Synset('action.n.01'), Synset('change.n.03'), Synset('motion.n.03')]	8
concept	specific	[]	None	-1
concept	1	[]	None	-1
concept	datum	['hyponym', 'hypernym', 'hyponym', 'hypernym', 'hyponym']	[Synset('concept.n.01'), Synset('idea.n.01'), Synset('content.n.05'), Synset('cognition.n.01'), Synset('information.n.02'), Synset('datum.n.01')]	5
vote	sergeyevich	[]	None	None
social_group	sergeyevich	[]	None	None
concept	nikita	[]	None	None
vote	arinos	[]	None	None
social_group	arinos	[]	None	None
concept	sergeyevich	[]	None	None
vote	1	[]	None	-1
social_group	1	[]	None	-1
vote	1st	[]	None	-1
social_group	1st	[]	None	-1
concept	travel	['hyponym', 'hypernym', 'hypernym', 'hypernym', 'hypernym', 'hyponym', 'hypernym', 'hypernym', 'hypernym']	[Synset('concept.n.01'), Synset('idea.n.01'), Synset('generalization.n.02'), Synset('principle.n.01'), Synset('pillar.n.01'), Synset('pillar_of_islam.n.01'), Synset('hajj.n.01'), Synset('pilgrimage.n.01'), Synset('journey.n.01'), Synset('travel.n.01')]	9
vote	us	[]	None	-1
concept	armament	['hyponym', 'hypernym', 'hyponym', 'hyponym', 'hypernym', 'hypernym', 'hyponym', 'hyponym', 'hypernym', 'hypernym', 'hypernym', 'hypernym', 'hyponym']	[Synset('concept.n.01'), Synset('idea.n.01'), Synset('content.n.05'), Synset('cognition.n.01'), Synset('psychological_feature.n.01'), Synset('abstraction.n.06'), Synset('entity.n.01'), Synset('physical_entity.n.01'), Synset('object.n.01'), Synset('whole.n.02'), Synset('artifact.n.01'), Synset('instrumentality.n.03'), Synset('weaponry.n.01'), Synset('armament.n.01')]	13
social_group	us	[]	None	-1
concept	sarin	['hyponym', 'hypernym', 'hyponym', 'hyponym', 'hypernym', 'hypernym', 'hyponym', 'hyponym', 'hyponym', 'hypernym', 'hyponym', 'hyponym']	[Synset('concept.n.01'), Synset('idea.n.01'), Synset('content.n.05'), Synset('cognition.n.01'), Synset('psychological_feature.n.01'), Synset('abstraction.n.06'), Synset('entity.n.01'), Synset('physical_entity.n.01'), Synset('causal_agent.n.01'), Synset('agent.n.03'), Synset('nerve_gas.n.01'), Synset('organophosphate_nerve_agent.n.01'), Synset('sarin.n.01')]	12
vote	ussr	[]	None	-1
social_group	ussr	[]	None	-1
vote	power	['hyponym', 'hypernym', 'hypernym', 'hyponym', 'hypernym', 'hyponym', 'hyponym', 'hypernym', 'hyponym', 'hypernym', 'hypernym']	[Synset('vote.n.05'), Synset('numerical_quantity.n.01'), Synset('quantity.n.03'), Synset('concept.n.01'), Synset('idea.n.01'), Synset('content.n.05'), Synset('cognition.n.01'), Synset('psychological_feature.n.01'), Synset('abstraction.n.06'), Synset('attribute.n.02'), Synset('quality.n.01'), Synset('power.n.01')]	11
concept	france	[]	None	-1
social_group	power	['hypernym', 'hyponym', 'hyponym', 'hypernym', 'hypernym']	[Synset('social_group.n.01'), Synset('group.n.01'), Synset('abstraction.n.06'), Synset('attribute.n.02'), Synset('quality.n.01'), Synset('power.n.01')]	5
vote	melo	[]	None	None
social_group	melo	[]	None	None
concept	ussr	[]	None	-1
vote	sarin	['hyponym', 'hypernym', 'hypernym', 'hyponym', 'hypernym', 'hyponym', 'hyponym', 'hypernym', 'hypernym', 'hyponym', 'hyponym', 'hyponym', 'hypernym', 'hyponym', 'hyponym']	[Synset('vote.n.05'), Synset('numerical_quantity.n.01'), Synset('quantity.n.03'), Synset('concept.n.01'), Synset('idea.n.01'), Synset('content.n.05'), Synset('cognition.n.01'), Synset('psychological_feature.n.01'), Synset('abstraction.n.06'), Synset('entity.n.01'), Synset('physical_entity.n.01'), Synset('causal_agent.n.01'), Synset('agent.n.03'), Synset('nerve_gas.n.01'), Synset('organophosphate_nerve_agent.n.01'), Synset('sarin.n.01')]	15
social_group	sarin	['hypernym', 'hypernym', 'hyponym', 'hypernym', 'hypernym', 'hyponym', 'hyponym', 'hyponym']	[Synset('social_group.n.01'), Synset('group.n.01'), Synset('halogen.n.01'), Synset('fluorine.n.01'), Synset('gas.n.02'), Synset('poison_gas.n.01'), Synset('nerve_gas.n.01'), Synset('organophosphate_nerve_agent.n.01'), Synset('sarin.n.01')]	8
concept	reappraisal	['hyponym', 'hypernym', 'hyponym', 'hypernym', 'hypernym', 'hyponym', 'hyponym', 'hyponym']	[Synset('concept.n.01'), Synset('idea.n.01'), Synset('content.n.05'), Synset('cognition.n.01'), Synset('process.n.02'), Synset('basic_cognitive_process.n.01'), Synset('classification.n.03'), Synset('appraisal.n.01'), Synset('reappraisal.n.01')]	8
vote	armament	['hyponym', 'hypernym', 'hypernym', 'hyponym', 'hypernym', 'hyponym', 'hyponym', 'hypernym', 'hyponym', 'hyponym', 'hyponym', 'hypernym', 'hypernym', 'hypernym', 'hypernym', 'hyponym']	[Synset('vote.n.05'), Synset('numerical_quantity.n.01'), Synset('quantity.n.03'), Synset('concept.n.01'), Synset('idea.n.01'), Synset('content.n.05'), Synset('cognition.n.01'), Synset('psychological_feature.n.01'), Synset('abstraction.n.06'), Synset('group.n.01'), Synset('arrangement.n.02'), Synset('flower_arrangement.n.01'), Synset('decoration.n.01'), Synset('artifact.n.01'), Synset('instrumentality.n.03'), Synset('weaponry.n.01'), Synset('armament.n.01')]	16
concept	United_States	['hyponym', 'hypernym', 'hyponym', 'hyponym', 'hypernym', 'hyponym', 'hypernym', 'hypernym', 'hyponym', 'hypernym', 'hypernym', 'holonym']	[Synset('concept.n.01'), Synset('idea.n.01'), Synset('content.n.05'), Synset('cognition.n.01'), Synset('psychological_feature.n.01'), Synset('abstraction.n.06'), Synset('group.n.01'), Synset('social_group.n.01'), Synset('organization.n.01'), Synset('alliance.n.03'), Synset('world_organization.n.01'), Synset('north_atlantic_treaty_organization.n.01'), Synset('united_states.n.01')]	12
concept	Department_of_Commerce	['hyponym', 'hypernym', 'hyponym', 'hyponym', 'hypernym', 'hyponym', 'hypernym', 'hypernym', 'hypernym', 'hypernym', 'holonym', 'hyponym', 'hyponym', 'hyponym']	[Synset('concept.n.01'), Synset('idea.n.01'), Synset('content.n.05'), Synset('cognition.n.01'), Synset('psychological_feature.n.01'), Synset('abstraction.n.06'), Synset('group.n.01'), Synset('social_group.n.01'), Synset('organization.n.01'), Synset('polity.n.02'), Synset('government.n.01'), Synset('government_department.n.01'), Synset('federal_department.n.01'), Synset('executive_department.n.01'), Synset('department_of_commerce.n.01')]	14
social_group	armament	['hypernym', 'hyponym', 'hyponym', 'hypernym', 'hypernym', 'hypernym', 'hypernym', 'hyponym']	[Synset('social_group.n.01'), Synset('group.n.01'), Synset('arrangement.n.02'), Synset('flower_arrangement.n.01'), Synset('decoration.n.01'), Synset('artifact.n.01'), Synset('instrumentality.n.03'), Synset('weaponry.n.01'), Synset('armament.n.01')]	8
vote	par	[]	None	-1
social_group	par	[]	None	-1
vote	big	[]	None	-1
concept	politics	['hyponym', 'hypernym', 'hyponym', 'hyponym', 'hypernym', 'hypernym', 'hypernym', 'hypernym']	[Synset('concept.n.01'), Synset('idea.n.01'), Synset('content.n.05'), Synset('cognition.n.01'), Synset('psychological_feature.n.01'), Synset('abstraction.n.06'), Synset('relation.n.01'), Synset('social_relation.n.01'), Synset('politics.n.01')]	8
social_group	big	[]	None	-1
concept	picture	['hyponym', 'hypernym', 'hyponym', 'hyponym', 'hyponym', 'hypernym', 'hypernym', 'hyponym', 'hypernym', 'hypernym', 'hypernym', 'hypernym']	[Synset('concept.n.01'), Synset('idea.n.01'), Synset('content.n.05'), Synset('cognition.n.01'), Synset('psychological_feature.n.01'), Synset('event.n.01'), Synset('social_event.n.01'), Synset('show.n.03'), Synset('movie.n.01'), Synset('product.n.02'), Synset('creation.n.02'), Synset('representation.n.02'), Synset('picture.n.01')]	12
vote	cold	['hypernym', 'hypernym', 'hyponym', 'hyponym', 'hyponym', 'hypernym', 'hypernym', 'hyponym', 'hyponym', 'hyponym', 'hyponym', 'hypernym', 'hypernym', 'hypernym', 'hyponym']	[Synset('vote.n.01'), Synset('choice.n.02'), Synset('action.n.01'), Synset('act.n.02'), Synset('event.n.01'), Synset('psychological_feature.n.01'), Synset('abstraction.n.06'), Synset('entity.n.01'), Synset('physical_entity.n.01'), Synset('process.n.06'), Synset('degeneration.n.01'), Synset('macular_degeneration.n.01'), Synset('eye_disease.n.01'), Synset('disease.n.01'), Synset('communicable_disease.n.01'), Synset('cold.n.01')]	15
social_group	cold	['hypernym', 'hyponym', 'hypernym', 'hyponym', 'hyponym', 'hyponym', 'hyponym', 'hypernym', 'hypernym', 'hypernym', 'hyponym']	[Synset('social_group.n.01'), Synset('group.n.01'), Synset('abstraction.n.06'), Synset('entity.n.01'), Synset('physical_entity.n.01'), Synset('process.n.06'), Synset('degeneration.n.01'), Synset('macular_degeneration.n.01'), Synset('eye_disease.n.01'), Synset('disease.n.01'), Synset('communicable_disease.n.01'), Synset('cold.n.01')]	11
concept	republics	[]	None	-1
concept	state	['hyponym', 'hypernym', 'hyponym', 'hyponym', 'hypernym', 'hyponym', 'hypernym', 'hypernym', 'hypernym', 'hypernym', 'hypernym']	[Synset('concept.n.01'), Synset('idea.n.01'), Synset('content.n.05'), Synset('cognition.n.01'), Synset('psychological_feature.n.01'), Synset('abstraction.n.06'), Synset('group.n.01'), Synset('social_group.n.01'), Synset('organization.n.01'), Synset('unit.n.03'), Synset('political_unit.n.01'), Synset('state.n.04')]	11
vote	soviet	[]	None	-1
social_group	soviet	[]	None	-1
vote	particular	['hypernym', 'hypernym', 'hyponym', 'hyponym', 'hyponym', 'hyponym', 'hypernym', 'hypernym', 'hypernym']	[Synset('vote.n.01'), Synset('choice.n.02'), Synset('action.n.01'), Synset('act.n.02'), Synset('event.n.01'), Synset('psychological_feature.n.01'), Synset('cognition.n.01'), Synset('information.n.02'), Synset('fact.n.01'), Synset('particular.n.01')]	9
social_group	particular	['hypernym', 'hyponym', 'hypernym', 'hyponym', 'hypernym', 'hypernym', 'hypernym']	[Synset('social_group.n.01'), Synset('group.n.01'), Synset('abstraction.n.06'), Synset('psychological_feature.n.01'), Synset('cognition.n.01'), Synset('information.n.02'), Synset('fact.n.01'), Synset('particular.n.01')]	7
concept	vacation	['hyponym', 'hypernym', 'hyponym', 'hyponym', 'hypernym', 'hyponym', 'hyponym', 'hyponym', 'hypernym', 'hypernym', 'hypernym']	[Synset('concept.n.01'), Synset('idea.n.01'), Synset('content.n.05'), Synset('cognition.n.01'), Synset('psychological_feature.n.01'), Synset('abstraction.n.06'), Synset('measure.n.02'), Synset('fundamental_quantity.n.01'), Synset('time_period.n.01'), Synset('time_off.n.01'), Synset('leisure.n.01'), Synset('vacation.n.01')]	11
vote	american	[]	None	-1
social_group	american	[]	None	-1
concept	dean	['hyponym', 'hypernym', 'hyponym', 'hyponym', 'hypernym', 'hyponym', 'hypernym', 'holonym', 'hypernym', 'hypernym', 'hypernym', 'hypernym', 'hypernym']	[Synset('concept.n.01'), Synset('idea.n.01'), Synset('content.n.05'), Synset('cognition.n.01'), Synset('psychological_feature.n.01'), Synset('abstraction.n.06'), Synset('group.n.01'), Synset('people.n.01'), Synset('person.n.01'), Synset('leader.n.01'), Synset('head.n.04'), Synset('administrator.n.01'), Synset('academic_administrator.n.01'), Synset('dean.n.01')]	13
concept	soviet	[]	None	-1
vote	security	['hypernym', 'hypernym', 'hyponym', 'hyponym', 'hyponym', 'hypernym', 'hyponym', 'hypernym', 'hyponym', 'hypernym', 'hypernym']	[Synset('vote.n.01'), Synset('choice.n.02'), Synset('action.n.01'), Synset('act.n.02'), Synset('event.n.01'), Synset('psychological_feature.n.01'), Synset('abstraction.n.06'), Synset('attribute.n.02'), Synset('state.n.02'), Synset('condition.n.01'), Synset('safety.n.01'), Synset('security.n.01')]	11
social_group	security	['hypernym', 'hyponym', 'hyponym', 'hypernym', 'hyponym', 'hypernym', 'hypernym']	[Synset('social_group.n.01'), Synset('group.n.01'), Synset('abstraction.n.06'), Synset('attribute.n.02'), Synset('state.n.02'), Synset('condition.n.01'), Synset('safety.n.01'), Synset('security.n.01')]	7
concept	war	['hyponym', 'hypernym', 'hyponym', 'hyponym', 'hyponym', 'hyponym', 'hypernym', 'hypernym']	[Synset('concept.n.01'), Synset('idea.n.01'), Synset('content.n.05'), Synset('cognition.n.01'), Synset('psychological_feature.n.01'), Synset('event.n.01'), Synset('group_action.n.01'), Synset('military_action.n.01'), Synset('war.n.01')]	8
vote	festival	['hypernym', 'hypernym', 'hyponym', 'hyponym', 'hypernym', 'hyponym', 'hyponym']	[Synset('vote.n.01'), Synset('choice.n.02'), Synset('action.n.01'), Synset('act.n.02'), Synset('activity.n.01'), Synset('diversion.n.01'), Synset('celebration.n.02'), Synset('festival.n.02')]	7
social_group	festival	['hypernym', 'hyponym', 'hypernym', 'hyponym', 'hyponym', 'hyponym', 'hypernym', 'hyponym', 'hyponym']	[Synset('social_group.n.01'), Synset('group.n.01'), Synset('abstraction.n.06'), Synset('psychological_feature.n.01'), Synset('event.n.01'), Synset('act.n.02'), Synset('activity.n.01'), Synset('diversion.n.01'), Synset('celebration.n.02'), Synset('festival.n.02')]	9
concept	franco	[]	None	-1
concept	nitrogen	['hyponym', 'hypernym', 'hyponym', 'hyponym', 'hypernym', 'hyponym', 'hypernym', 'hyponym', 'hypernym', 'hypernym']	[Synset('concept.n.01'), Synset('idea.n.01'), Synset('content.n.05'), Synset('cognition.n.01'), Synset('psychological_feature.n.01'), Synset('abstraction.n.06'), Synset('group.n.01'), Synset('halogen.n.01'), Synset('fluorine.n.01'), Synset('gas.n.02'), Synset('nitrogen.n.01')]	10
vote	politics	['hypernym', 'hypernym', 'hyponym', 'hyponym', 'hyponym', 'hypernym', 'hypernym', 'hypernym', 'hypernym']	[Synset('vote.n.01'), Synset('choice.n.02'), Synset('action.n.01'), Synset('act.n.02'), Synset('event.n.01'), Synset('psychological_feature.n.01'), Synset('abstraction.n.06'), Synset('relation.n.01'), Synset('social_relation.n.01'), Synset('politics.n.01')]	9
concept	big	[]	None	-1
social_group	politics	['hypernym', 'hyponym', 'hypernym', 'hypernym', 'hypernym']	[Synset('social_group.n.01'), Synset('group.n.01'), Synset('abstraction.n.06'), Synset('relation.n.01'), Synset('social_relation.n.01'), Synset('politics.n.01')]	5
concept	production	['hyponym', 'hypernym', 'hyponym', 'hyponym', 'hypernym', 'hyponym', 'hyponym', 'hyponym', 'hyponym']	[Synset('concept.n.01'), Synset('idea.n.01'), Synset('content.n.05'), Synset('cognition.n.01'), Synset('psychological_feature.n.01'), Synset('abstraction.n.06'), Synset('communication.n.02'), Synset('display.n.05'), Synset('presentation.n.03'), Synset('production.n.02')]	9
concept	cuba	[]	None	-1
concept	festival	['hyponym', 'hypernym', 'hyponym', 'hyponym', 'hypernym', 'hyponym', 'hyponym', 'hyponym', 'hypernym']	[Synset('concept.n.01'), Synset('idea.n.01'), Synset('content.n.05'), Synset('cognition.n.01'), Synset('psychological_feature.n.01'), Synset('abstraction.n.06'), Synset('measure.n.02'), Synset('fundamental_quantity.n.01'), Synset('time_period.n.01'), Synset('festival.n.01')]	9
vote	commerce	['hypernym', 'hypernym', 'hyponym', 'hypernym', 'hypernym', 'hypernym']	[Synset('vote.n.01'), Synset('choice.n.02'), Synset('action.n.01'), Synset('act.n.02'), Synset('group_action.n.01'), Synset('transaction.n.01'), Synset('commerce.n.01')]	6
social_group	commerce	['hypernym', 'hyponym', 'hypernym', 'hyponym', 'hyponym', 'hypernym', 'hypernym']	[Synset('social_group.n.01'), Synset('group.n.01'), Synset('abstraction.n.06'), Synset('psychological_feature.n.01'), Synset('event.n.01'), Synset('group_action.n.01'), Synset('transaction.n.01'), Synset('commerce.n.01')]	7
vote	possession	['hypernym', 'hypernym', 'hyponym', 'hyponym', 'hyponym', 'hypernym', 'hypernym', 'hypernym']	[Synset('vote.n.01'), Synset('choice.n.02'), Synset('action.n.01'), Synset('act.n.02'), Synset('event.n.01'), Synset('psychological_feature.n.01'), Synset('abstraction.n.06'), Synset('relation.n.01'), Synset('possession.n.02')]	8
social_group	possession	['hypernym', 'hyponym', 'hypernym', 'hypernym']	[Synset('social_group.n.01'), Synset('group.n.01'), Synset('abstraction.n.06'), Synset('relation.n.01'), Synset('possession.n.02')]	4
concept	mutual	[]	None	-1
concept	international	[]	None	-1
concept	de	[]	None	-1
concept	American	['hyponym', 'hypernym', 'hyponym', 'hyponym', 'hypernym', 'hyponym', 'hypernym', 'hypernym', 'hyponym', 'hypernym', 'hypernym', 'holonym', 'holonym']	[Synset('concept.n.01'), Synset('idea.n.01'), Synset('content.n.05'), Synset('cognition.n.01'), Synset('psychological_feature.n.01'), Synset('abstraction.n.06'), Synset('group.n.01'), Synset('social_group.n.01'), Synset('organization.n.01'), Synset('alliance.n.03'), Synset('world_organization.n.01'), Synset('north_atlantic_treaty_organization.n.01'), Synset('united_states.n.01'), Synset('american.n.01')]	13
concept	socialist	[]	None	-1
vote	state	['hypernym', 'hypernym', 'hyponym', 'hyponym', 'hyponym', 'hypernym', 'hyponym', 'hypernym', 'hypernym', 'hypernym', 'hypernym', 'hypernym']	[Synset('vote.n.01'), Synset('choice.n.02'), Synset('action.n.01'), Synset('act.n.02'), Synset('event.n.01'), Synset('psychological_feature.n.01'), Synset('abstraction.n.06'), Synset('group.n.01'), Synset('social_group.n.01'), Synset('organization.n.01'), Synset('unit.n.03'), Synset('political_unit.n.01'), Synset('state.n.04')]	12
social_group	state	['hypernym', 'hyponym', 'holonym', 'hyponym']	[Synset('social_group.n.01'), Synset('organization.n.01'), Synset('alliance.n.03'), Synset('ally.n.01'), Synset('state.n.04')]	4
concept	arinos	[]	None	None
vote	nikita	[]	None	None
social_group	nikita	[]	None	None
vote	picture	['hypernym', 'hypernym', 'hyponym', 'hyponym', 'hypernym', 'hypernym', 'hyponym', 'hypernym', 'hypernym', 'hypernym', 'hypernym']	[Synset('vote.n.01'), Synset('choice.n.02'), Synset('action.n.01'), Synset('act.n.02'), Synset('event.n.01'), Synset('social_event.n.01'), Synset('show.n.03'), Synset('movie.n.01'), Synset('product.n.02'), Synset('creation.n.02'), Synset('representation.n.02'), Synset('picture.n.01')]	11
social_group	picture	['hypernym', 'hyponym', 'hyponym', 'hypernym', 'hypernym', 'hypernym', 'hypernym', 'hypernym']	[Synset('social_group.n.01'), Synset('group.n.01'), Synset('arrangement.n.02'), Synset('flower_arrangement.n.01'), Synset('decoration.n.01'), Synset('artifact.n.01'), Synset('creation.n.02'), Synset('representation.n.02'), Synset('picture.n.01')]	8
vote	rusk	[]	None	-1
concept	movement	['hyponym', 'hypernym', 'hyponym', 'hyponym', 'hyponym', 'hyponym', 'hypernym']	[Synset('concept.n.01'), Synset('idea.n.01'), Synset('content.n.05'), Synset('cognition.n.01'), Synset('psychological_feature.n.01'), Synset('event.n.01'), Synset('happening.n.01'), Synset('movement.n.03')]	7
social_group	rusk	[]	None	-1
social_group	republic	['hypernym', 'hypernym', 'hypernym', 'holonym', 'hypernym']	[Synset('social_group.n.01'), Synset('organization.n.01'), Synset('unit.n.03'), Synset('political_unit.n.01'), Synset('political_system.n.01'), Synset('republic.n.02')]	5
concept	par	[]	None	-1
vote	socialist	[]	None	-1
social_group	socialist	[]	None	-1
vote	reappraisal	['hypernym', 'hypernym', 'hyponym', 'hyponym', 'hyponym', 'hyponym', 'hypernym', 'hypernym', 'hyponym', 'hyponym', 'hyponym']	[Synset('vote.n.01'), Synset('choice.n.02'), Synset('action.n.01'), Synset('act.n.02'), Synset('event.n.01'), Synset('psychological_feature.n.01'), Synset('cognition.n.01'), Synset('process.n.02'), Synset('basic_cognitive_process.n.01'), Synset('classification.n.03'), Synset('appraisal.n.01'), Synset('reappraisal.n.01')]	11
concept	afonso	[]	None	None
social_group	reappraisal	['hypernym', 'hyponym', 'hypernym', 'hyponym', 'hypernym', 'hypernym', 'hyponym', 'hyponym', 'hyponym']	[Synset('social_group.n.01'), Synset('group.n.01'), Synset('abstraction.n.06'), Synset('psychological_feature.n.01'), Synset('cognition.n.01'), Synset('process.n.02'), Synset('basic_cognitive_process.n.01'), Synset('classification.n.03'), Synset('appraisal.n.01'), Synset('reappraisal.n.01')]	9
concept	khrushchev	[]	None	-1
vote	de	[]	None	-1
social_group	de	[]	None	-1
concept	intergovernment	[]	None	None
vote	France	['hypernym', 'hypernym', 'hyponym', 'hyponym', 'hyponym', 'hypernym', 'hyponym', 'hypernym', 'hypernym', 'hyponym', 'hypernym', 'hypernym', 'holonym']	[Synset('vote.n.01'), Synset('choice.n.02'), Synset('action.n.01'), Synset('act.n.02'), Synset('event.n.01'), Synset('psychological_feature.n.01'), Synset('abstraction.n.06'), Synset('group.n.01'), Synset('social_group.n.01'), Synset('organization.n.01'), Synset('alliance.n.03'), Synset('world_organization.n.01'), Synset('north_atlantic_treaty_organization.n.01'), Synset('france.n.01')]	13
concept	power	['hyponym', 'hypernym', 'hyponym', 'hyponym', 'hypernym', 'hyponym', 'hypernym', 'hypernym']	[Synset('concept.n.01'), Synset('idea.n.01'), Synset('content.n.05'), Synset('cognition.n.01'), Synset('psychological_feature.n.01'), Synset('abstraction.n.06'), Synset('attribute.n.02'), Synset('quality.n.01'), Synset('power.n.01')]	8
social_group	France	['hypernym', 'hyponym', 'hypernym', 'hypernym', 'holonym']	[Synset('social_group.n.01'), Synset('organization.n.01'), Synset('alliance.n.03'), Synset('world_organization.n.01'), Synset('north_atlantic_treaty_organization.n.01'), Synset('france.n.01')]	5
vote	government	['hypernym', 'hypernym', 'hyponym', 'hyponym', 'hyponym', 'hypernym', 'hyponym', 'hypernym', 'hypernym', 'hypernym', 'hypernym']	[Synset('vote.n.01'), Synset('choice.n.02'), Synset('action.n.01'), Synset('act.n.02'), Synset('event.n.01'), Synset('psychological_feature.n.01'), Synset('abstraction.n.06'), Synset('group.n.01'), Synset('social_group.n.01'), Synset('organization.n.01'), Synset('polity.n.02'), Synset('government.n.01')]	11
social_group	government	['hypernym', 'hypernym', 'hypernym']	[Synset('social_group.n.01'), Synset('organization.n.01'), Synset('polity.n.02'), Synset('government.n.01')]	3
vote	kir	[]	None	None
social_group	kir	[]	None	None
vote	travel	['hypernym', 'hypernym', 'hypernym', 'hypernym', 'hypernym']	[Synset('vote.n.01'), Synset('choice.n.02'), Synset('action.n.01'), Synset('change.n.03'), Synset('motion.n.06'), Synset('travel.n.01')]	5
social_group	travel	['hypernym', 'hyponym', 'hypernym', 'hyponym', 'hyponym', 'hyponym', 'hypernym', 'hypernym', 'hypernym']	[Synset('social_group.n.01'), Synset('group.n.01'), Synset('abstraction.n.06'), Synset('psychological_feature.n.01'), Synset('event.n.01'), Synset('act.n.02'), Synset('action.n.01'), Synset('change.n.03'), Synset('motion.n.06'), Synset('travel.n.01')]	9
concept	1st	[]	None	-1
vote	cuba	[]	None	-1
social_group	cuba	[]	None	-1
vote	production	['hypernym', 'hypernym', 'hyponym', 'hyponym', 'hyponym', 'hypernym', 'hyponym', 'hyponym', 'hyponym', 'hyponym']	[Synset('vote.n.01'), Synset('choice.n.02'), Synset('action.n.01'), Synset('act.n.02'), Synset('event.n.01'), Synset('psychological_feature.n.01'), Synset('abstraction.n.06'), Synset('communication.n.02'), Synset('display.n.05'), Synset('presentation.n.03'), Synset('production.n.02')]	10
social_group	production	['hypernym', 'hyponym', 'hyponym', 'hyponym', 'hyponym', 'hyponym']	[Synset('social_group.n.01'), Synset('group.n.01'), Synset('abstraction.n.06'), Synset('communication.n.02'), Synset('display.n.05'), Synset('presentation.n.03'), Synset('production.n.02')]	6
concept	Western	['hyponym', 'hypernym', 'hyponym', 'hyponym', 'hyponym', 'hypernym', 'hypernym', 'hyponym', 'hyponym', 'hyponym']	[Synset('concept.n.01'), Synset('idea.n.01'), Synset('content.n.05'), Synset('cognition.n.01'), Synset('psychological_feature.n.01'), Synset('event.n.01'), Synset('social_event.n.01'), Synset('show.n.03'), Synset('movie.n.01'), Synset('feature.n.03'), Synset('western.n.01')]	10
vote	franco	[]	None	-1
vote	nitrogen	['hypernym', 'hypernym', 'hyponym', 'hyponym', 'hyponym', 'hypernym', 'hyponym', 'hypernym', 'hyponym', 'hypernym', 'hypernym']	[Synset('vote.n.01'), Synset('choice.n.02'), Synset('action.n.01'), Synset('act.n.02'), Synset('event.n.01'), Synset('psychological_feature.n.01'), Synset('abstraction.n.06'), Synset('group.n.01'), Synset('halogen.n.01'), Synset('fluorine.n.01'), Synset('gas.n.02'), Synset('nitrogen.n.01')]	11
social_group	franco	[]	None	-1
social_group	nitrogen	['hypernym', 'hypernym', 'hyponym', 'hypernym', 'hypernym']	[Synset('social_group.n.01'), Synset('group.n.01'), Synset('halogen.n.01'), Synset('fluorine.n.01'), Synset('gas.n.02'), Synset('nitrogen.n.01')]	5
vote	league	['hypernym', 'hypernym', 'hyponym', 'hyponym', 'hyponym', 'hypernym', 'hyponym', 'hypernym', 'hypernym', 'hypernym', 'hypernym']	[Synset('vote.n.01'), Synset('choice.n.02'), Synset('action.n.01'), Synset('act.n.02'), Synset('event.n.01'), Synset('psychological_feature.n.01'), Synset('abstraction.n.06'), Synset('group.n.01'), Synset('social_group.n.01'), Synset('organization.n.01'), Synset('association.n.01'), Synset('league.n.01')]	11
social_group	league	['hypernym', 'hypernym', 'hypernym']	[Synset('social_group.n.01'), Synset('organization.n.01'), Synset('association.n.01'), Synset('league.n.01')]	3
vote	data	['hypernym', 'hypernym', 'hyponym', 'hyponym', 'hyponym', 'hypernym', 'hyponym', 'hypernym', 'hypernym']	[Synset('vote.n.01'), Synset('choice.n.02'), Synset('action.n.01'), Synset('act.n.02'), Synset('event.n.01'), Synset('psychological_feature.n.01'), Synset('abstraction.n.06'), Synset('group.n.01'), Synset('collection.n.01'), Synset('data.n.01')]	9
social_group	data	['hypernym', 'hypernym', 'hypernym']	[Synset('social_group.n.01'), Synset('group.n.01'), Synset('collection.n.01'), Synset('data.n.01')]	3
vote	union	['hypernym', 'hypernym', 'hyponym', 'hyponym', 'hyponym', 'hypernym', 'hyponym', 'hypernym', 'hypernym', 'hypernym']	[Synset('vote.n.01'), Synset('choice.n.02'), Synset('action.n.01'), Synset('act.n.02'), Synset('event.n.01'), Synset('psychological_feature.n.01'), Synset('abstraction.n.06'), Synset('group.n.01'), Synset('social_group.n.01'), Synset('organization.n.01'), Synset('union.n.01')]	10
social_group	union	['hypernym', 'hypernym']	[Synset('social_group.n.01'), Synset('organization.n.01'), Synset('union.n.01')]	2
vote	mutual	[]	None	-1
vote	international	[]	None	-1
social_group	mutual	[]	None	-1
vote	relations	['hypernym', 'hypernym', 'hyponym', 'hyponym', 'hyponym', 'hypernym', 'hypernym', 'hypernym', 'hypernym']	[Synset('vote.n.01'), Synset('choice.n.02'), Synset('action.n.01'), Synset('act.n.02'), Synset('event.n.01'), Synset('psychological_feature.n.01'), Synset('abstraction.n.06'), Synset('relation.n.01'), Synset('social_relation.n.01'), Synset('relations.n.01')]	9
social_group	international	[]	None	-1
social_group	relations	['hypernym', 'hyponym', 'hypernym', 'hypernym', 'hypernym']	[Synset('social_group.n.01'), Synset('group.n.01'), Synset('abstraction.n.06'), Synset('relation.n.01'), Synset('social_relation.n.01'), Synset('relations.n.01')]	5
concept	league	['hyponym', 'hypernym', 'hyponym', 'hyponym', 'hypernym', 'hyponym', 'hypernym', 'hypernym', 'hypernym', 'hypernym']	[Synset('concept.n.01'), Synset('idea.n.01'), Synset('content.n.05'), Synset('cognition.n.01'), Synset('psychological_feature.n.01'), Synset('abstraction.n.06'), Synset('group.n.01'), Synset('social_group.n.01'), Synset('organization.n.01'), Synset('association.n.01'), Synset('league.n.01')]	10
concept	possession	['hyponym', 'hypernym', 'hyponym', 'hyponym', 'hypernym', 'hypernym', 'hypernym']	[Synset('concept.n.01'), Synset('idea.n.01'), Synset('content.n.05'), Synset('cognition.n.01'), Synset('psychological_feature.n.01'), Synset('abstraction.n.06'), Synset('relation.n.01'), Synset('possession.n.02')]	7
vote	republic	['hypernym', 'hypernym', 'hyponym', 'hyponym', 'hyponym', 'hypernym', 'hyponym', 'hypernym', 'hypernym', 'hypernym', 'hypernym', 'holonym', 'hypernym']	[Synset('vote.n.01'), Synset('choice.n.02'), Synset('action.n.01'), Synset('act.n.02'), Synset('event.n.01'), Synset('psychological_feature.n.01'), Synset('abstraction.n.06'), Synset('group.n.01'), Synset('social_group.n.01'), Synset('organization.n.01'), Synset('unit.n.03'), Synset('political_unit.n.01'), Synset('political_system.n.01'), Synset('republic.n.02')]	13
concept	hemisphere	['hyponym', 'hypernym', 'hyponym', 'hyponym', 'hypernym', 'hypernym', 'hyponym', 'hyponym', 'hypernym', 'hypernym', 'hypernym', 'hypernym']	[Synset('concept.n.01'), Synset('idea.n.01'), Synset('content.n.05'), Synset('cognition.n.01'), Synset('psychological_feature.n.01'), Synset('abstraction.n.06'), Synset('entity.n.01'), Synset('physical_entity.n.01'), Synset('object.n.01'), Synset('location.n.01'), Synset('region.n.03'), Synset('geographical_area.n.01'), Synset('hemisphere.n.01')]	12
concept	felix	[]	None	None
concept	cold	['hyponym', 'hypernym', 'hyponym', 'hypernym', 'hypernym', 'hypernym', 'hypernym', 'hypernym', 'hyponym', 'hyponym', 'hypernym', 'hyponym']	[Synset('concept.n.01'), Synset('idea.n.01'), Synset('content.n.05'), Synset('cognition.n.01'), Synset('information.n.02'), Synset('evidence.n.01'), Synset('symptom.n.01'), Synset('exophthalmos.n.01'), Synset('graves'_disease.n.01'), Synset('autoimmune_disease.n.01'), Synset('disease.n.01'), Synset('communicable_disease.n.01'), Synset('cold.n.01')]	12

vote	juan	[]	None	None
social_group	juan	[]	None	None
vote	politics	['hypernym', 'hypernym', 'hyponym', 'hyponym', 'hyponym', 'hypernym', 'hypernym', 'hypernym', 'hypernym']	[Synset('vote.n.01'), Synset('choice.n.02'), Synset('action.n.01'), Synset('act.n.02'), Synset('event.n.01'), Synset('psychological_feature.n.01'), Synset('abstraction.n.06'), Synset('relation.n.01'), Synset('social_relation.n.01'), Synset('politics.n.01')]	9
social_group	politics	['hypernym', 'hyponym', 'hypernym', 'hypernym', 'hypernym']	[Synset('social_group.n.01'), Synset('group.n.01'), Synset('abstraction.n.06'), Synset('relation.n.01'), Synset('social_relation.n.01'), Synset('politics.n.01')]	5
concept	united	[]	None	-1
vote	deaths	[]	None	-1
vote	government	['hypernym', 'hypernym', 'hyponym', 'hyponym', 'hyponym', 'hypernym', 'hyponym', 'hypernym', 'hypernym', 'hypernym', 'hypernym']	[Synset('vote.n.01'), Synset('choice.n.02'), Synset('action.n.01'), Synset('act.n.02'), Synset('event.n.01'), Synset('psychological_feature.n.01'), Synset('abstraction.n.06'), Synset('group.n.01'), Synset('social_group.n.01'), Synset('organization.n.01'), Synset('polity.n.02'), Synset('government.n.01')]	11
social_group	deaths	[]	None	-1
concept	peron	[]	None	-1
vote	move	['hypernym', 'hyponym', 'hyponym']	[Synset('vote.n.01'), Synset('choice.n.02'), Synset('decision.n.01'), Synset('move.n.01')]	3
concept	tom	[]	None	-1
vote	eva	[]	None	None
concept	john	[]	None	-1
concept	state	['hyponym', 'hypernym', 'hyponym', 'hyponym', 'hypernym', 'hypernym', 'hyponym', 'hyponym', 'hypernym', 'hypernym', 'hypernym', 'hypernym', 'hypernym']	[Synset('concept.n.01'), Synset('idea.n.01'), Synset('content.n.05'), Synset('cognition.n.01'), Synset('psychological_feature.n.01'), Synset('abstraction.n.06'), Synset('entity.n.01'), Synset('physical_entity.n.01'), Synset('object.n.01'), Synset('location.n.01'), Synset('region.n.03'), Synset('district.n.01'), Synset('administrative_district.n.01'), Synset('state.n.01')]	13
vote	state	['hypernym', 'hypernym', 'hyponym', 'hyponym', 'hyponym', 'hypernym', 'hypernym', 'hyponym', 'hyponym', 'hypernym', 'hypernym', 'hypernym', 'hypernym', 'hypernym']	[Synset('vote.n.01'), Synset('choice.n.02'), Synset('action.n.01'), Synset('act.n.02'), Synset('event.n.01'), Synset('psychological_feature.n.01'), Synset('abstraction.n.06'), Synset('entity.n.01'), Synset('physical_entity.n.01'), Synset('object.n.01'), Synset('location.n.01'), Synset('region.n.03'), Synset('district.n.01'), Synset('administrative_district.n.01'), Synset('state.n.01')]	14
concept	eva	[]	None	None
social_group	eva	[]	None	None
vote	peron	[]	None	-1
vote	tom	[]	None	-1
vote	five	['hypernym', 'hypernym', 'hyponym', 'hyponym', 'hyponym', 'hypernym', 'hyponym', 'hyponym', 'hyponym', 'hypernym', 'hypernym', 'hyponym']	[Synset('vote.n.01'), Synset('choice.n.02'), Synset('action.n.01'), Synset('act.n.02'), Synset('event.n.01'), Synset('psychological_feature.n.01'), Synset('abstraction.n.06'), Synset('measure.n.02'), Synset('definite_quantity.n.01'), Synset('number.n.02'), Synset('integer.n.01'), Synset('digit.n.01'), Synset('five.n.01')]	12
concept	death	['hyponym', 'hypernym', 'hyponym', 'hyponym', 'hyponym', 'hyponym', 'hypernym', 'hypernym']	[Synset('concept.n.01'), Synset('idea.n.01'), Synset('content.n.05'), Synset('cognition.n.01'), Synset('psychological_feature.n.01'), Synset('event.n.01'), Synset('happening.n.01'), Synset('change.n.01'), Synset('death.n.01')]	8
concept	government	['hyponym', 'hypernym', 'hyponym', 'hyponym', 'hypernym', 'hyponym', 'hypernym', 'hypernym', 'hypernym', 'hypernym']	[Synset('concept.n.01'), Synset('idea.n.01'), Synset('content.n.05'), Synset('cognition.n.01'), Synset('psychological_feature.n.01'), Synset('abstraction.n.06'), Synset('group.n.01'), Synset('social_group.n.01'), Synset('organization.n.01'), Synset('polity.n.02'), Synset('government.n.01')]	10
social_group	peron	[]	None	-1
social_group	tom	[]	None	-1
social_group	vanadium	['hypernym', 'hypernym', 'hyponym', 'hypernym', 'hypernym', 'hypernym']	[Synset('social_group.n.01'), Synset('group.n.01'), Synset('halogen.n.01'), Synset('iodine.n.01'), Synset('chemical_element.n.01'), Synset('metallic_element.n.01'), Synset('vanadium.n.01')]	6
vote	united	[]	None	-1
vote	interfaith	[]	None	-1
concept	domingo	[]	None	-1
concept	politics	['hyponym', 'hypernym', 'hyponym', 'hyponym', 'hypernym', 'hypernym', 'hypernym', 'hypernym']	[Synset('concept.n.01'), Synset('idea.n.01'), Synset('content.n.05'), Synset('cognition.n.01'), Synset('psychological_feature.n.01'), Synset('abstraction.n.06'), Synset('relation.n.01'), Synset('social_relation.n.01'), Synset('politics.n.01')]	8
social_group	interfaith	[]	None	-1
social_group	united	[]	None	-1
concept	juan	[]	None	None
concept	church	['hyponym', 'hypernym', 'hyponym', 'hyponym', 'hypernym', 'hyponym', 'hypernym', 'hypernym', 'hypernym', 'hypernym', 'hypernym']	[Synset('concept.n.01'), Synset('idea.n.01'), Synset('content.n.05'), Synset('cognition.n.01'), Synset('psychological_feature.n.01'), Synset('abstraction.n.06'), Synset('group.n.01'), Synset('social_group.n.01'), Synset('organization.n.01'), Synset('institution.n.01'), Synset('religion.n.02'), Synset('church.n.01')]	11
vote	connally	[]	None	None
social_group	connally	[]	None	None
vote	j	[]	None	-1
social_group	j	[]	None	-1
concept	lindsay	[]	None	-1
vote	vanden	[]	None	None
social_group	vanden	[]	None	None
concept	heuvel	[]	None	None
concept	india	[]	None	-1
concept	Argentina	['hyponym', 'hypernym', 'hyponym', 'hyponym', 'hypernym', 'hyponym', 'hyponym', 'hypernym', 'hyponym', 'hypernym', 'holonym', 'holonym', 'hyponym', 'holonym']	[Synset('concept.n.01'), Synset('idea.n.01'), Synset('content.n.05'), Synset('cognition.n.01'), Synset('psychological_feature.n.01'), Synset('abstraction.n.06'), Synset('group.n.01'), Synset('biological_group.n.01'), Synset('taxonomic_group.n.01'), Synset('class.n.07'), Synset('teleostei.n.01'), Synset('malacopterygii.n.01'), Synset('soft-finned_fish.n.01'), Synset('argentine.n.01'), Synset('argentina.n.02')]	14
concept	vanden	[]	None	None
concept	duarte	[]	None	None
vote	religion	['hypernym', 'hypernym', 'hyponym', 'hyponym', 'hyponym', 'hypernym', 'hyponym', 'hypernym', 'hypernym', 'hypernym', 'hypernym']	[Synset('vote.n.01'), Synset('choice.n.02'), Synset('action.n.01'), Synset('act.n.02'), Synset('event.n.01'), Synset('psychological_feature.n.01'), Synset('abstraction.n.06'), Synset('group.n.01'), Synset('social_group.n.01'), Synset('organization.n.01'), Synset('institution.n.01'), Synset('religion.n.02')]	11
social_group	state	['hypernym', 'hyponym', 'hypernym', 'hyponym', 'hyponym', 'hypernym', 'hypernym', 'hypernym', 'hypernym', 'hypernym']	[Synset('social_group.n.01'), Synset('group.n.01'), Synset('abstraction.n.06'), Synset('entity.n.01'), Synset('physical_entity.n.01'), Synset('object.n.01'), Synset('location.n.01'), Synset('region.n.03'), Synset('district.n.01'), Synset('administrative_district.n.01'), Synset('state.n.01')]	10
social_group	religion	['hypernym', 'hypernym', 'hypernym']	[Synset('social_group.n.01'), Synset('organization.n.01'), Synset('institution.n.01'), Synset('religion.n.02')]	3
social_group	government	['hypernym', 'hypernym', 'hypernym']	[Synset('social_group.n.01'), Synset('organization.n.01'), Synset('polity.n.02'), Synset('government.n.01')]	3
concept	connally	[]	None	None
vote	wm	[]	None	None
vote	church	['hypernym', 'hypernym', 'hyponym', 'hyponym', 'hyponym', 'hypernym', 'hyponym', 'hypernym', 'hypernym', 'hypernym', 'hypernym', 'hypernym']	[Synset('vote.n.01'), Synset('choice.n.02'), Synset('action.n.01'), Synset('act.n.02'), Synset('event.n.01'), Synset('psychological_feature.n.01'), Synset('abstraction.n.06'), Synset('group.n.01'), Synset('social_group.n.01'), Synset('organization.n.01'), Synset('institution.n.01'), Synset('religion.n.02'), Synset('church.n.01')]	12
social_group	church	['hypernym', 'hypernym', 'hypernym', 'hypernym']	[Synset('social_group.n.01'), Synset('organization.n.01'), Synset('institution.n.01'), Synset('religion.n.02'), Synset('church.n.01')]	4
social_group	wm	[]	None	None
concept	wm	[]	None	None
concept	religion	['hyponym', 'hypernym', 'hyponym', 'hyponym', 'hypernym', 'hyponym', 'hypernym', 'hypernym', 'hypernym', 'hypernym']	[Synset('concept.n.01'), Synset('idea.n.01'), Synset('content.n.05'), Synset('cognition.n.01'), Synset('psychological_feature.n.01'), Synset('abstraction.n.06'), Synset('group.n.01'), Synset('social_group.n.01'), Synset('organization.n.01'), Synset('institution.n.01'), Synset('religion.n.02')]	10
vote	duarte	[]	None	None
vote	india	[]	None	-1
vote	Argentina	['hypernym', 'hypernym', 'hyponym', 'hyponym', 'hyponym', 'hypernym', 'hyponym', 'hyponym', 'hypernym', 'hyponym', 'hypernym', 'holonym', 'holonym', 'hyponym', 'holonym']	[Synset('vote.n.01'), Synset('choice.n.02'), Synset('action.n.01'), Synset('act.n.02'), Synset('event.n.01'), Synset('psychological_feature.n.01'), Synset('abstraction.n.06'), Synset('group.n.01'), Synset('biological_group.n.01'), Synset('taxonomic_group.n.01'), Synset('class.n.07'), Synset('teleostei.n.01'), Synset('malacopterygii.n.01'), Synset('soft-finned_fish.n.01'), Synset('argentine.n.01'), Synset('argentina.n.02')]	15
vote	heuvel	[]	None	None
social_group	india	[]	None	-1
vote	domingo	[]	None	-1
concept	interfaith	[]	None	-1
social_group	Argentina	['hypernym', 'hyponym', 'hypernym', 'hyponym', 'hypernym', 'holonym', 'holonym', 'hyponym', 'holonym']	[Synset('social_group.n.01'), Synset('group.n.01'), Synset('biological_group.n.01'), Synset('taxonomic_group.n.01'), Synset('class.n.07'), Synset('teleostei.n.01'), Synset('malacopterygii.n.01'), Synset('soft-finned_fish.n.01'), Synset('argentine.n.01'), Synset('argentina.n.02')]	9
social_group	duarte	[]	None	None
social_group	domingo	[]	None	-1
vote	lindsay	[]	None	-1
social_group	lindsay	[]	None	-1
concept	j	[]	None	-1
concept	vanadium	['hyponym', 'hypernym', 'hyponym', 'hyponym', 'hypernym', 'hyponym', 'hypernym', 'hyponym', 'hypernym', 'hypernym', 'hypernym']	[Synset('concept.n.01'), Synset('idea.n.01'), Synset('content.n.05'), Synset('cognition.n.01'), Synset('psychological_feature.n.01'), Synset('abstraction.n.06'), Synset('group.n.01'), Synset('halogen.n.01'), Synset('iodine.n.01'), Synset('chemical_element.n.01'), Synset('metallic_element.n.01'), Synset('vanadium.n.01')]	11
social_group	heuvel	[]	None	None
vote	john	[]	None	-1
social_group	john	[]	None	-1
concept	move	['hyponym', 'hypernym', 'hyponym', 'hyponym', 'hyponym', 'hyponym', 'hyponym', 'hypernym', 'hyponym', 'hyponym']	[Synset('concept.n.01'), Synset('idea.n.01'), Synset('content.n.05'), Synset('cognition.n.01'), Synset('psychological_feature.n.01'), Synset('event.n.01'), Synset('act.n.02'), Synset('action.n.01'), Synset('choice.n.02'), Synset('decision.n.01'), Synset('move.n.01')]	10
social_group	move	['hypernym', 'hyponym', 'hypernym', 'hyponym', 'hyponym', 'hyponym', 'hypernym', 'hyponym', 'hyponym']	[Synset('social_group.n.01'), Synset('group.n.01'), Synset('abstraction.n.06'), Synset('psychological_feature.n.01'), Synset('event.n.01'), Synset('act.n.02'), Synset('action.n.01'), Synset('choice.n.02'), Synset('decision.n.01'), Synset('move.n.01')]	9
