person	new	[]	None	-1
whole	east	[]	None	-1
whole	jersey	[]	None	-1
whole	theodore	[]	None	None
person	elections	[]	None	-1
whole	hindrance	['hypernym', 'hypernym', 'hypernym', 'hyponym', 'hypernym', 'hypernym', 'hypernym', 'hyponym', 'hyponym', 'hypernym', 'hypernym', 'hypernym', 'hypernym', 'hyponym']	[Synset('whole.n.01'), Synset('concept.n.01'), Synset('idea.n.01'), Synset('content.n.05'), Synset('cognition.n.01'), Synset('psychological_feature.n.01'), Synset('abstraction.n.06'), Synset('group.n.01'), Synset('arrangement.n.02'), Synset('flower_arrangement.n.01'), Synset('decoration.n.01'), Synset('artifact.n.01'), Synset('structure.n.01'), Synset('obstruction.n.01'), Synset('hindrance.n.02')]	14
person	theodore	[]	None	None
person	newark	[]	None	-1
person	agency	['holonym', 'hypernym', 'hypernym', 'hypernym', 'hypernym', 'hyponym', 'hyponym']	[Synset('person.n.01'), Synset('people.n.01'), Synset('group.n.01'), Synset('social_group.n.01'), Synset('organization.n.01'), Synset('unit.n.03'), Synset('administrative_unit.n.01'), Synset('agency.n.01')]	7
whole	medium	['hypernym', 'hypernym', 'hypernym', 'hyponym', 'hypernym', 'hypernym', 'hypernym', 'hypernym', 'hypernym', 'hypernym']	[Synset('whole.n.01'), Synset('concept.n.01'), Synset('idea.n.01'), Synset('content.n.05'), Synset('cognition.n.01'), Synset('psychological_feature.n.01'), Synset('abstraction.n.06'), Synset('relation.n.01'), Synset('part.n.01'), Synset('substance.n.01'), Synset('medium.n.07')]	10
person	conflict	[]	None	-1
whole	new	[]	None	-1
person	east	['holonym', 'hypernym', 'hypernym', 'hypernym', 'hypernym', 'hypernym', 'hyponym', 'hypernym', 'hypernym']	[Synset('person.n.01'), Synset('people.n.01'), Synset('group.n.01'), Synset('abstraction.n.06'), Synset('relation.n.01'), Synset('position.n.07'), Synset('direction.n.02'), Synset('compass_point.n.01'), Synset('cardinal_compass_point.n.01'), Synset('east.n.01')]	9
whole	united	[]	None	-1
person	medium	['hypernym', 'hypernym', 'hypernym', 'hyponym', 'hypernym', 'hypernym']	[Synset('person.n.01'), Synset('organism.n.01'), Synset('living_thing.n.01'), Synset('whole.n.02'), Synset('artifact.n.01'), Synset('instrumentality.n.03'), Synset('medium.n.01')]	6
whole	office	['hypernym', 'hypernym', 'hypernym', 'hyponym', 'hypernym', 'hypernym', 'hypernym', 'hypernym', 'hypernym', 'hypernym', 'hypernym', 'hyponym', 'hyponym', 'holonym', 'hyponym', 'hyponym', 'hypernym']	[Synset('whole.n.01'), Synset('concept.n.01'), Synset('idea.n.01'), Synset('content.n.05'), Synset('cognition.n.01'), Synset('psychological_feature.n.01'), Synset('abstraction.n.06'), Synset('group.n.01'), Synset('social_group.n.01'), Synset('organization.n.01'), Synset('enterprise.n.02'), Synset('business.n.01'), Synset('chain.n.04'), Synset('discount_chain.n.01'), Synset('discount_house.n.01'), Synset('mercantile_establishment.n.01'), Synset('place_of_business.n.01'), Synset('office.n.01')]	17
person	noise	['holonym', 'hypernym', 'hypernym', 'hypernym', 'hyponym', 'hyponym', 'hypernym', 'hypernym']	[Synset('person.n.01'), Synset('people.n.01'), Synset('group.n.01'), Synset('abstraction.n.06'), Synset('psychological_feature.n.01'), Synset('event.n.01'), Synset('happening.n.01'), Synset('trouble.n.03'), Synset('noise.n.03')]	8
person	united	[]	None	-1
whole	newark	[]	None	-1
whole	conflict	['hypernym', 'hypernym', 'hypernym', 'hyponym', 'hypernym', 'hyponym', 'hyponym', 'hypernym']	[Synset('whole.n.01'), Synset('concept.n.01'), Synset('idea.n.01'), Synset('content.n.05'), Synset('cognition.n.01'), Synset('psychological_feature.n.01'), Synset('event.n.01'), Synset('group_action.n.01'), Synset('conflict.n.01')]	8
person	government	['holonym', 'hypernym', 'hypernym', 'hypernym', 'hypernym', 'hypernym']	[Synset('person.n.01'), Synset('people.n.01'), Synset('group.n.01'), Synset('social_group.n.01'), Synset('organization.n.01'), Synset('polity.n.02'), Synset('government.n.01')]	6
whole	governors	[]	None	-1
person	governors	[]	None	-1
whole	government	['hypernym', 'hypernym', 'hypernym', 'hyponym', 'hypernym', 'hypernym', 'hypernym', 'hypernym', 'hypernym', 'hypernym', 'hypernym']	[Synset('whole.n.01'), Synset('concept.n.01'), Synset('idea.n.01'), Synset('content.n.05'), Synset('cognition.n.01'), Synset('psychological_feature.n.01'), Synset('abstraction.n.06'), Synset('group.n.01'), Synset('social_group.n.01'), Synset('organization.n.01'), Synset('polity.n.02'), Synset('government.n.01')]	11
person	newsmen	[]	None	-1
person	state	['holonym', 'hypernym', 'hypernym', 'hyponym', 'hypernym']	[Synset('person.n.01'), Synset('people.n.01'), Synset('group.n.01'), Synset('abstraction.n.06'), Synset('attribute.n.02'), Synset('state.n.02')]	5
whole	newsmen	[]	None	-1
whole	state	['hypernym', 'hypernym', 'hypernym', 'hyponym', 'hypernym', 'hypernym', 'hyponym', 'hypernym']	[Synset('whole.n.01'), Synset('concept.n.01'), Synset('idea.n.01'), Synset('content.n.05'), Synset('cognition.n.01'), Synset('psychological_feature.n.01'), Synset('abstraction.n.06'), Synset('attribute.n.02'), Synset('state.n.02')]	8
whole	ethical_motive	['hypernym', 'hypernym', 'hypernym', 'hyponym', 'hypernym', 'hyponym', 'hyponym']	[Synset('whole.n.01'), Synset('concept.n.01'), Synset('idea.n.01'), Synset('content.n.05'), Synset('cognition.n.01'), Synset('psychological_feature.n.01'), Synset('motivation.n.01'), Synset('ethical_motive.n.01')]	7
whole	middle	[]	None	-1
person	ethical_motive	['holonym', 'hypernym', 'hypernym', 'hypernym', 'hyponym', 'hyponym']	[Synset('person.n.01'), Synset('people.n.01'), Synset('group.n.01'), Synset('abstraction.n.06'), Synset('psychological_feature.n.01'), Synset('motivation.n.01'), Synset('ethical_motive.n.01')]	6
person	agnew	[]	None	None
person	israeliarab	[]	None	None
person	spiro	[]	None	None
whole	agnew	[]	None	None
person	middle	[]	None	-1
person	assault	['holonym', 'hypernym', 'hypernym', 'hypernym', 'hyponym', 'hyponym', 'hypernym', 'hypernym', 'hyponym']	[Synset('person.n.01'), Synset('people.n.01'), Synset('group.n.01'), Synset('abstraction.n.06'), Synset('psychological_feature.n.01'), Synset('event.n.01'), Synset('group_action.n.01'), Synset('military_action.n.01'), Synset('battle.n.01'), Synset('assault.n.01')]	9
person	politics	['holonym', 'hypernym', 'hypernym', 'hypernym', 'hypernym', 'hyponym', 'hypernym', 'hypernym', 'hypernym', 'hypernym', 'hypernym']	[Synset('person.n.01'), Synset('people.n.01'), Synset('group.n.01'), Synset('abstraction.n.06'), Synset('psychological_feature.n.01'), Synset('cognition.n.01'), Synset('content.n.05'), Synset('knowledge_domain.n.01'), Synset('discipline.n.01'), Synset('science.n.01'), Synset('social_science.n.01'), Synset('politics.n.02')]	11
whole	assault	['hypernym', 'hypernym', 'hypernym', 'hyponym', 'hypernym', 'hyponym', 'hyponym', 'hypernym', 'hypernym', 'hyponym']	[Synset('whole.n.01'), Synset('concept.n.01'), Synset('idea.n.01'), Synset('content.n.05'), Synset('cognition.n.01'), Synset('psychological_feature.n.01'), Synset('event.n.01'), Synset('group_action.n.01'), Synset('military_action.n.01'), Synset('battle.n.01'), Synset('assault.n.01')]	10
person	nj	[]	None	-1
whole	israeliarab	[]	None	None
person	news	['holonym', 'hypernym', 'hypernym', 'hyponym', 'hypernym', 'hypernym', 'hypernym']	[Synset('person.n.01'), Synset('people.n.01'), Synset('group.n.01'), Synset('abstraction.n.06'), Synset('communication.n.02'), Synset('message.n.02'), Synset('information.n.01'), Synset('news.n.02')]	7
whole	spiro	[]	None	None
whole	nj	[]	None	-1
whole	politics	['hypernym', 'hypernym', 'hypernym', 'hyponym', 'hypernym', 'hypernym', 'hypernym', 'hypernym', 'hypernym']	[Synset('whole.n.01'), Synset('concept.n.01'), Synset('idea.n.01'), Synset('content.n.05'), Synset('cognition.n.01'), Synset('psychological_feature.n.01'), Synset('abstraction.n.06'), Synset('relation.n.01'), Synset('social_relation.n.01'), Synset('politics.n.01')]	9
person	Jersey	['hypernym', 'hyponym', 'hypernym', 'hyponym', 'hyponym', 'hypernym', 'hypernym']	[Synset('person.n.01'), Synset('organism.n.01'), Synset('animal.n.01'), Synset('male.n.01'), Synset('bullock.n.02'), Synset('cattle.n.01'), Synset('dairy_cattle.n.01'), Synset('jersey.n.05')]	7
whole	news	['hypernym', 'hypernym', 'hypernym', 'hyponym', 'hypernym', 'hypernym', 'hyponym', 'hypernym', 'hypernym', 'hypernym']	[Synset('whole.n.01'), Synset('concept.n.01'), Synset('idea.n.01'), Synset('content.n.05'), Synset('cognition.n.01'), Synset('psychological_feature.n.01'), Synset('abstraction.n.06'), Synset('communication.n.02'), Synset('message.n.02'), Synset('information.n.01'), Synset('news.n.02')]	10
whole	elections	[]	None	-1

entity	vacations	[]	None	-1
cognition	sergeyevich	[]	None	None
entity	cuba	[]	None	-1
cognition	arinos	[]	None	None
cognition	kir	[]	None	None
cognition	war	[]	None	-1
cognition	socialist	[]	None	-1
entity	specific	[]	None	-1
entity	khrushchev	[]	None	-1
cognition	1st	[]	None	-1
cognition	us	[]	None	-1
entity	union	[]	None	-1
cognition	reappraisal	['hypernym', 'hypernym', 'hyponym', 'hyponym', 'hyponym']	[Synset('cognition.n.01'), Synset('process.n.02'), Synset('basic_cognitive_process.n.01'), Synset('classification.n.03'), Synset('appraisal.n.01'), Synset('reappraisal.n.01')]	5
cognition	rusk	[]	None	-1
cognition	dean	[]	None	-1
cognition	government	['hypernym', 'hypernym', 'hypernym', 'hypernym', 'hypernym', 'hypernym', 'hypernym']	[Synset('cognition.n.01'), Synset('psychological_feature.n.01'), Synset('abstraction.n.06'), Synset('group.n.01'), Synset('social_group.n.01'), Synset('organization.n.01'), Synset('polity.n.02'), Synset('government.n.01')]	7
entity	state	['hypernym', 'hypernym', 'hypernym', 'hypernym', 'hyponym', 'holonym', 'hyponym']	[Synset('entity.n.01'), Synset('abstraction.n.06'), Synset('group.n.01'), Synset('social_group.n.01'), Synset('organization.n.01'), Synset('alliance.n.03'), Synset('ally.n.01'), Synset('state.n.04')]	7
cognition	security	['hypernym', 'hypernym', 'hyponym', 'hyponym', 'hyponym', 'hyponym', 'hypernym']	[Synset('cognition.n.01'), Synset('psychological_feature.n.01'), Synset('abstraction.n.06'), Synset('communication.n.02'), Synset('document.n.03'), Synset('debt_instrument.n.01'), Synset('bond.n.02'), Synset('security.n.04')]	7
entity	intergovernment	[]	None	None
entity	politics	['hypernym', 'hypernym', 'hypernym', 'hypernym']	[Synset('entity.n.01'), Synset('abstraction.n.06'), Synset('relation.n.01'), Synset('social_relation.n.01'), Synset('politics.n.01')]	4
entity	afonso	[]	None	None
cognition	nikita	[]	None	None
entity	league	['hypernym', 'hypernym', 'hypernym', 'hypernym', 'hyponym', 'hypernym']	[Synset('entity.n.01'), Synset('abstraction.n.06'), Synset('group.n.01'), Synset('social_group.n.01'), Synset('organization.n.01'), Synset('association.n.01'), Synset('league.n.01')]	6
cognition	picture	['hypernym', 'hypernym', 'hypernym', 'hyponym', 'hyponym']	[Synset('cognition.n.01'), Synset('process.n.02'), Synset('basic_cognitive_process.n.01'), Synset('representational_process.n.01'), Synset('typification.n.01'), Synset('picture.n.09')]	5
cognition	motion	['hypernym', 'hyponym', 'hyponym', 'hyponym', 'hypernym', 'hypernym']	[Synset('cognition.n.01'), Synset('psychological_feature.n.01'), Synset('event.n.01'), Synset('act.n.02'), Synset('action.n.01'), Synset('change.n.03'), Synset('motion.n.06')]	6
cognition	soviet	[]	None	-1
entity	felix	[]	None	None
entity	datum	['hypernym', 'hypernym', 'hypernym', 'hypernym', 'hyponym']	[Synset('entity.n.01'), Synset('abstraction.n.06'), Synset('psychological_feature.n.01'), Synset('cognition.n.01'), Synset('information.n.02'), Synset('datum.n.01')]	5
entity	melo	[]	None	None
cognition	production	['hypernym', 'hypernym', 'hyponym', 'hyponym', 'hyponym', 'hyponym']	[Synset('cognition.n.01'), Synset('psychological_feature.n.01'), Synset('abstraction.n.06'), Synset('communication.n.02'), Synset('display.n.05'), Synset('presentation.n.03'), Synset('production.n.02')]	6
cognition	festival	['hypernym', 'hyponym', 'hyponym', 'hypernym', 'hypernym', 'hyponym', 'hyponym']	[Synset('cognition.n.01'), Synset('psychological_feature.n.01'), Synset('event.n.01'), Synset('act.n.02'), Synset('activity.n.01'), Synset('diversion.n.01'), Synset('celebration.n.02'), Synset('festival.n.02')]	7
cognition	franco	[]	None	-1
entity	franco	[]	None	-1
entity	festival	['hypernym', 'hypernym', 'hyponym', 'hyponym', 'hypernym', 'hypernym', 'hyponym', 'hyponym']	[Synset('entity.n.01'), Synset('abstraction.n.06'), Synset('psychological_feature.n.01'), Synset('event.n.01'), Synset('act.n.02'), Synset('activity.n.01'), Synset('diversion.n.01'), Synset('celebration.n.02'), Synset('festival.n.02')]	8
cognition	melo	[]	None	None
cognition	felix	[]	None	None
cognition	league	['hypernym', 'hypernym', 'hypernym', 'hypernym', 'hypernym', 'hyponym', 'hypernym']	[Synset('cognition.n.01'), Synset('psychological_feature.n.01'), Synset('abstraction.n.06'), Synset('group.n.01'), Synset('social_group.n.01'), Synset('organization.n.01'), Synset('association.n.01'), Synset('league.n.01')]	7
entity	armament	['hypernym', 'hyponym', 'hypernym', 'hyponym', 'hypernym', 'hypernym', 'hyponym']	[Synset('entity.n.01'), Synset('physical_entity.n.01'), Synset('object.n.01'), Synset('whole.n.02'), Synset('artifact.n.01'), Synset('instrumentality.n.03'), Synset('weaponry.n.01'), Synset('armament.n.01')]	7
entity	travel	['hypernym', 'hypernym', 'hyponym', 'hyponym', 'hyponym', 'hypernym', 'hypernym', 'hypernym']	[Synset('entity.n.01'), Synset('abstraction.n.06'), Synset('psychological_feature.n.01'), Synset('event.n.01'), Synset('act.n.02'), Synset('action.n.01'), Synset('change.n.03'), Synset('motion.n.06'), Synset('travel.n.01')]	8
cognition	politics	['hypernym', 'hypernym', 'hypernym', 'hypernym', 'hypernym']	[Synset('cognition.n.01'), Synset('psychological_feature.n.01'), Synset('abstraction.n.06'), Synset('relation.n.01'), Synset('social_relation.n.01'), Synset('politics.n.01')]	5
cognition	nitrogen	['hypernym', 'hypernym', 'hypernym', 'hypernym', 'hyponym', 'hypernym', 'hypernym']	[Synset('cognition.n.01'), Synset('psychological_feature.n.01'), Synset('abstraction.n.06'), Synset('group.n.01'), Synset('halogen.n.01'), Synset('bromine.n.01'), Synset('chemical_element.n.01'), Synset('nitrogen.n.01')]	7
entity	government	['hypernym', 'hypernym', 'hypernym', 'hypernym', 'hypernym', 'hypernym']	[Synset('entity.n.01'), Synset('abstraction.n.06'), Synset('group.n.01'), Synset('social_group.n.01'), Synset('organization.n.01'), Synset('polity.n.02'), Synset('government.n.01')]	6
entity	relations	['hypernym', 'hypernym', 'hypernym', 'hyponym']	[Synset('entity.n.01'), Synset('abstraction.n.06'), Synset('relation.n.01'), Synset('social_relation.n.01'), Synset('relations.n.01')]	4
cognition	western	[]	None	-1
entity	dean	[]	None	-1
cognition	sarin	['hypernym', 'hypernym', 'hypernym', 'hypernym', 'hypernym', 'hyponym', 'hypernym', 'hyponym', 'hyponym']	[Synset('cognition.n.01'), Synset('psychological_feature.n.01'), Synset('abstraction.n.06'), Synset('entity.n.01'), Synset('physical_entity.n.01'), Synset('causal_agent.n.01'), Synset('agent.n.03'), Synset('nerve_gas.n.01'), Synset('organophosphate_nerve_agent.n.01'), Synset('sarin.n.01')]	9
entity	reappraisal	['hypernym', 'hypernym', 'hypernym', 'hypernym', 'hypernym', 'hyponym', 'hyponym', 'hyponym']	[Synset('entity.n.01'), Synset('abstraction.n.06'), Synset('psychological_feature.n.01'), Synset('cognition.n.01'), Synset('process.n.02'), Synset('basic_cognitive_process.n.01'), Synset('classification.n.03'), Synset('appraisal.n.01'), Synset('reappraisal.n.01')]	8
entity	sarin	['hypernym', 'hypernym', 'hyponym', 'hypernym', 'hyponym', 'hyponym']	[Synset('entity.n.01'), Synset('physical_entity.n.01'), Synset('causal_agent.n.01'), Synset('agent.n.03'), Synset('nerve_gas.n.01'), Synset('organophosphate_nerve_agent.n.01'), Synset('sarin.n.01')]	6
cognition	union	['hypernym', 'hypernym', 'hypernym', 'hypernym', 'hypernym', 'hypernym']	[Synset('cognition.n.01'), Synset('psychological_feature.n.01'), Synset('abstraction.n.06'), Synset('group.n.01'), Synset('social_group.n.01'), Synset('organization.n.01'), Synset('union.n.01')]	6
entity	western	[]	None	-1
cognition	relations	['hypernym', 'hypernym', 'hypernym', 'hypernym', 'hyponym']	[Synset('cognition.n.01'), Synset('psychological_feature.n.01'), Synset('abstraction.n.06'), Synset('relation.n.01'), Synset('social_relation.n.01'), Synset('relations.n.01')]	5
entity	nitrogen	['hypernym', 'hyponym', 'hypernym', 'hyponym', 'hypernym']	[Synset('entity.n.01'), Synset('physical_entity.n.01'), Synset('matter.n.03'), Synset('substance.n.01'), Synset('chemical_element.n.01'), Synset('nitrogen.n.01')]	5
cognition	khrushchev	[]	None	-1
cognition	travel	['hypernym', 'hyponym', 'hyponym', 'hyponym', 'hypernym', 'hypernym', 'hypernym']	[Synset('cognition.n.01'), Synset('psychological_feature.n.01'), Synset('event.n.01'), Synset('act.n.02'), Synset('action.n.01'), Synset('change.n.03'), Synset('motion.n.06'), Synset('travel.n.01')]	7
cognition	armament	['hypernym', 'hypernym', 'hypernym', 'hyponym', 'hyponym', 'hypernym', 'hypernym', 'hypernym', 'hypernym', 'hyponym']	[Synset('cognition.n.01'), Synset('psychological_feature.n.01'), Synset('abstraction.n.06'), Synset('group.n.01'), Synset('arrangement.n.02'), Synset('flower_arrangement.n.01'), Synset('decoration.n.01'), Synset('artifact.n.01'), Synset('instrumentality.n.03'), Synset('weaponry.n.01'), Synset('armament.n.01')]	10
entity	war	['hypernym', 'hyponym', 'hypernym', 'hypernym', 'hypernym']	[Synset('entity.n.01'), Synset('abstraction.n.06'), Synset('attribute.n.02'), Synset('state.n.02'), Synset('hostility.n.02'), Synset('war.n.02')]	5
entity	arinos	[]	None	None
cognition	cuba	[]	None	-1
entity	production	['hypernym', 'hypernym', 'hyponym', 'hyponym', 'hypernym']	[Synset('entity.n.01'), Synset('abstraction.n.06'), Synset('psychological_feature.n.01'), Synset('event.n.01'), Synset('act.n.02'), Synset('production.n.01')]	5
cognition	datum	['hypernym', 'hyponym']	[Synset('cognition.n.01'), Synset('information.n.02'), Synset('datum.n.01')]	2
cognition	vacation	['hypernym', 'hypernym', 'hyponym', 'hyponym', 'hyponym', 'hypernym', 'hypernym', 'hypernym']	[Synset('cognition.n.01'), Synset('psychological_feature.n.01'), Synset('abstraction.n.06'), Synset('measure.n.02'), Synset('fundamental_quantity.n.01'), Synset('time_period.n.01'), Synset('time_off.n.01'), Synset('leisure.n.01'), Synset('vacation.n.01')]	8
entity	de	[]	None	-1
entity	soviet	['hypernym', 'hypernym', 'hypernym', 'hypernym', 'hypernym', 'hyponym', 'hyponym', 'hypernym']	[Synset('entity.n.01'), Synset('abstraction.n.06'), Synset('group.n.01'), Synset('social_group.n.01'), Synset('organization.n.01'), Synset('unit.n.03'), Synset('administrative_unit.n.01'), Synset('council.n.01'), Synset('soviet.n.01')]	8
entity	hemisphere	[]	None	-1
entity	gesture	['hypernym', 'hyponym', 'hypernym', 'hypernym']	[Synset('entity.n.01'), Synset('abstraction.n.06'), Synset('communication.n.02'), Synset('visual_communication.n.01'), Synset('gesture.n.02')]	4
entity	picture	['hypernym', 'hyponym', 'hypernym', 'hypernym', 'hypernym']	[Synset('entity.n.01'), Synset('abstraction.n.06'), Synset('attribute.n.02'), Synset('state.n.02'), Synset('situation.n.01'), Synset('picture.n.04')]	5
entity	nikita	[]	None	None
cognition	afonso	[]	None	None
entity	republics	[]	None	-1
entity	par	[]	None	-1
entity	france	[]	None	-1
cognition	intergovernment	[]	None	None
entity	security	['hypernym', 'hyponym', 'hyponym', 'hyponym', 'hyponym', 'hypernym']	[Synset('entity.n.01'), Synset('abstraction.n.06'), Synset('communication.n.02'), Synset('document.n.03'), Synset('debt_instrument.n.01'), Synset('bond.n.02'), Synset('security.n.04')]	6
cognition	state	['hypernym', 'hypernym', 'hypernym', 'hypernym', 'hypernym', 'hyponym', 'holonym', 'hyponym']	[Synset('cognition.n.01'), Synset('psychological_feature.n.01'), Synset('abstraction.n.06'), Synset('group.n.01'), Synset('social_group.n.01'), Synset('organization.n.01'), Synset('alliance.n.03'), Synset('ally.n.01'), Synset('state.n.04')]	8
entity	Department_of_Commerce	['hypernym', 'hypernym', 'hypernym', 'hypernym', 'hypernym', 'hypernym', 'holonym', 'hyponym', 'hyponym', 'hyponym']	[Synset('entity.n.01'), Synset('abstraction.n.06'), Synset('group.n.01'), Synset('social_group.n.01'), Synset('organization.n.01'), Synset('polity.n.02'), Synset('government.n.01'), Synset('government_department.n.01'), Synset('federal_department.n.01'), Synset('executive_department.n.01'), Synset('department_of_commerce.n.01')]	10
entity	international	[]	None	-1
cognition	possession	['hypernym', 'hypernym', 'hypernym', 'hypernym']	[Synset('cognition.n.01'), Synset('psychological_feature.n.01'), Synset('abstraction.n.06'), Synset('relation.n.01'), Synset('possession.n.02')]	4
entity	rusk	[]	None	-1
entity	United_States	['hypernym', 'hypernym', 'hypernym', 'hypernym', 'hyponym', 'hypernym', 'hypernym', 'holonym']	[Synset('entity.n.01'), Synset('abstraction.n.06'), Synset('group.n.01'), Synset('social_group.n.01'), Synset('organization.n.01'), Synset('alliance.n.03'), Synset('world_organization.n.01'), Synset('organization_of_american_states.n.01'), Synset('united_states.n.01')]	8
entity	1st	[]	None	-1
entity	cold	['hypernym', 'hyponym', 'hyponym', 'hyponym', 'hypernym', 'hypernym', 'hypernym', 'hypernym']	[Synset('entity.n.01'), Synset('physical_entity.n.01'), Synset('process.n.06'), Synset('degeneration.n.01'), Synset('macular_degeneration.n.01'), Synset('eye_disease.n.01'), Synset('disease.n.01'), Synset('respiratory_disease.n.01'), Synset('cold.n.01')]	8
cognition	specific	['hypernym', 'hypernym', 'hypernym', 'hypernym', 'hypernym', 'hyponym', 'hypernym', 'hypernym', 'hypernym']	[Synset('cognition.n.01'), Synset('psychological_feature.n.01'), Synset('abstraction.n.06'), Synset('entity.n.01'), Synset('physical_entity.n.01'), Synset('causal_agent.n.01'), Synset('agent.n.03'), Synset('drug.n.01'), Synset('medicine.n.02'), Synset('specific.n.02')]	9
entity	american	[]	None	-1
entity	mutual	[]	None	-1
entity	socialist	['hypernym', 'hypernym', 'hypernym', 'hypernym', 'hypernym', 'hypernym']	[Synset('entity.n.01'), Synset('physical_entity.n.01'), Synset('causal_agent.n.01'), Synset('person.n.01'), Synset('leader.n.01'), Synset('politician.n.02'), Synset('socialist.n.01')]	6
entity	kir	[]	None	None
cognition	ussr	[]	None	-1
entity	sergeyevich	[]	None	None
entity	ussr	[]	None	-1
entity	ability	['hypernym', 'hypernym', 'hypernym', 'hyponym']	[Synset('entity.n.01'), Synset('abstraction.n.06'), Synset('psychological_feature.n.01'), Synset('cognition.n.01'), Synset('ability.n.02')]	4
cognition	mutual	[]	None	-1
entity	big	[]	None	-1
cognition	American	['hypernym', 'hypernym', 'hypernym', 'hypernym', 'holonym', 'hypernym', 'hypernym']	[Synset('cognition.n.01'), Synset('psychological_feature.n.01'), Synset('abstraction.n.06'), Synset('group.n.01'), Synset('people.n.01'), Synset('person.n.01'), Synset('inhabitant.n.01'), Synset('american.n.01')]	7
cognition	cold	['hypernym', 'hypernym', 'hypernym', 'hypernym', 'hypernym', 'hyponym', 'hyponym', 'hypernym', 'hypernym']	[Synset('cognition.n.01'), Synset('information.n.02'), Synset('evidence.n.01'), Synset('symptom.n.01'), Synset('exophthalmos.n.01'), Synset('graves'_disease.n.01'), Synset('autoimmune_disease.n.01'), Synset('disease.n.01'), Synset('respiratory_disease.n.01'), Synset('cold.n.01')]	9
cognition	1	[]	None	-1
entity	possession	['hypernym', 'hypernym', 'hypernym']	[Synset('entity.n.01'), Synset('abstraction.n.06'), Synset('relation.n.01'), Synset('possession.n.02')]	3
cognition	Department_of_Commerce	['hypernym', 'hypernym', 'hypernym', 'hypernym', 'hypernym', 'hypernym', 'hypernym', 'holonym', 'hyponym', 'hyponym', 'hyponym']	[Synset('cognition.n.01'), Synset('psychological_feature.n.01'), Synset('abstraction.n.06'), Synset('group.n.01'), Synset('social_group.n.01'), Synset('organization.n.01'), Synset('polity.n.02'), Synset('government.n.01'), Synset('government_department.n.01'), Synset('federal_department.n.01'), Synset('executive_department.n.01'), Synset('department_of_commerce.n.01')]	11
cognition	international	[]	None	-1
entity	1	[]	None	-1
cognition	France	['hypernym', 'hypernym', 'hypernym', 'hypernym', 'hypernym', 'hyponym', 'hypernym', 'hyponym', 'holonym']	[Synset('cognition.n.01'), Synset('psychological_feature.n.01'), Synset('abstraction.n.06'), Synset('group.n.01'), Synset('social_group.n.01'), Synset('organization.n.01'), Synset('alliance.n.03'), Synset('world_organization.n.01'), Synset('european_union.n.01'), Synset('france.n.01')]	9
cognition	par	[]	None	-1
cognition	big	[]	None	-1
cognition	democracy	['hypernym', 'hypernym', 'hypernym', 'hypernym', 'hypernym', 'hypernym']	[Synset('cognition.n.01'), Synset('psychological_feature.n.01'), Synset('abstraction.n.06'), Synset('group.n.01'), Synset('social_group.n.01'), Synset('political_system.n.01'), Synset('democracy.n.02')]	6
cognition	hemisphere	[]	None	-1
cognition	de	[]	None	-1
cognition	ability	['hyponym']	[Synset('cognition.n.01'), Synset('ability.n.02')]	1

entity	heuvel	[]	None	None
entity	vanden	[]	None	None
entity	domingo	[]	None	-1
entity	connally	[]	None	None
entity	motion	['hypernym', 'hypernym', 'hyponym', 'hyponym', 'hyponym', 'hypernym', 'hypernym']	[Synset('entity.n.01'), Synset('abstraction.n.06'), Synset('psychological_feature.n.01'), Synset('event.n.01'), Synset('act.n.02'), Synset('action.n.01'), Synset('change.n.03'), Synset('motion.n.03')]	7
entity	united	[]	None	-1
cognition	peron	[]	None	-1
entity	v	[]	None	-1
cognition	v	[]	None	-1
entity	peron	[]	None	-1
cognition	move	['hypernym', 'hyponym', 'hyponym', 'hyponym', 'hypernym', 'hypernym']	[Synset('cognition.n.01'), Synset('psychological_feature.n.01'), Synset('event.n.01'), Synset('act.n.02'), Synset('action.n.01'), Synset('change.n.03'), Synset('move.n.02')]	6
cognition	united	[]	None	-1
cognition	domingo	[]	None	-1
cognition	connally	[]	None	None
cognition	vanden	[]	None	None
cognition	heuvel	[]	None	None
cognition	religion	['hypernym', 'hypernym', 'hypernym', 'hypernym', 'hypernym', 'hypernym', 'hypernym']	[Synset('cognition.n.01'), Synset('psychological_feature.n.01'), Synset('abstraction.n.06'), Synset('group.n.01'), Synset('social_group.n.01'), Synset('organization.n.01'), Synset('institution.n.01'), Synset('religion.n.02')]	7
cognition	india	[]	None	-1
entity	j	[]	None	-1
entity	deaths	[]	None	-1
entity	john	[]	None	-1
cognition	duarte	[]	None	None
cognition	juan	[]	None	None
cognition	wm	[]	None	None
cognition	lindsay	[]	None	-1
cognition	politics	['hypernym', 'hypernym', 'hypernym', 'hypernym', 'hypernym']	[Synset('cognition.n.01'), Synset('psychological_feature.n.01'), Synset('abstraction.n.06'), Synset('relation.n.01'), Synset('social_relation.n.01'), Synset('politics.n.01')]	5
entity	eva	[]	None	None
entity	church	['hypernym', 'hypernym', 'hypernym', 'hypernym', 'hypernym', 'hypernym', 'hypernym']	[Synset('entity.n.01'), Synset('abstraction.n.06'), Synset('group.n.01'), Synset('social_group.n.01'), Synset('organization.n.01'), Synset('institution.n.01'), Synset('religion.n.02'), Synset('church.n.01')]	7
cognition	tom	[]	None	-1
entity	government	['hypernym', 'hypernym', 'hypernym', 'hypernym', 'hypernym', 'hypernym']	[Synset('entity.n.01'), Synset('abstraction.n.06'), Synset('group.n.01'), Synset('social_group.n.01'), Synset('organization.n.01'), Synset('polity.n.02'), Synset('government.n.01')]	6
entity	Argentina	['hypernym', 'hypernym', 'hyponym', 'hypernym', 'hypernym', 'hypernym', 'hypernym']	[Synset('entity.n.01'), Synset('abstraction.n.06'), Synset('group.n.01'), Synset('biological_group.n.01'), Synset('taxonomic_group.n.01'), Synset('genus.n.02'), Synset('fish_genus.n.01'), Synset('argentina.n.02')]	7
entity	interfaith	[]	None	-1
cognition	state	['hypernym', 'hypernym', 'hypernym', 'hypernym', 'hyponym', 'hypernym', 'hypernym', 'hypernym', 'hyponym', 'hypernym']	[Synset('cognition.n.01'), Synset('psychological_feature.n.01'), Synset('abstraction.n.06'), Synset('entity.n.01'), Synset('physical_entity.n.01'), Synset('object.n.01'), Synset('location.n.01'), Synset('region.n.03'), Synset('district.n.01'), Synset('administrative_district.n.01'), Synset('state.n.01')]	10
entity	state	['hypernym', 'hyponym', 'hypernym', 'hypernym', 'hypernym', 'hyponym', 'hypernym']	[Synset('entity.n.01'), Synset('physical_entity.n.01'), Synset('object.n.01'), Synset('location.n.01'), Synset('region.n.03'), Synset('district.n.01'), Synset('administrative_district.n.01'), Synset('state.n.01')]	7
cognition	interfaith	[]	None	-1
cognition	Argentina	['hypernym', 'hypernym', 'hypernym', 'hypernym', 'hypernym', 'hyponym', 'hypernym', 'hypernym', 'holonym']	[Synset('cognition.n.01'), Synset('psychological_feature.n.01'), Synset('abstraction.n.06'), Synset('group.n.01'), Synset('social_group.n.01'), Synset('organization.n.01'), Synset('alliance.n.03'), Synset('world_organization.n.01'), Synset('organization_of_american_states.n.01'), Synset('argentina.n.01')]	9
cognition	government	['hypernym', 'hypernym', 'hypernym', 'hypernym', 'hypernym', 'hypernym', 'hypernym']	[Synset('cognition.n.01'), Synset('psychological_feature.n.01'), Synset('abstraction.n.06'), Synset('group.n.01'), Synset('social_group.n.01'), Synset('organization.n.01'), Synset('polity.n.02'), Synset('government.n.01')]	7
entity	Tom	['hypernym', 'hypernym', 'hypernym', 'hypernym', 'hypernym']	[Synset('entity.n.01'), Synset('physical_entity.n.01'), Synset('causal_agent.n.01'), Synset('person.n.01'), Synset('black.n.05'), Synset('tom.n.01')]	5
cognition	church	['hypernym', 'hypernym', 'hypernym', 'hypernym', 'hypernym', 'hypernym', 'hypernym', 'hypernym']	[Synset('cognition.n.01'), Synset('psychological_feature.n.01'), Synset('abstraction.n.06'), Synset('group.n.01'), Synset('social_group.n.01'), Synset('organization.n.01'), Synset('institution.n.01'), Synset('religion.n.02'), Synset('church.n.01')]	8
cognition	eva	[]	None	None
entity	politics	['hypernym', 'hypernym', 'hypernym', 'hypernym']	[Synset('entity.n.01'), Synset('abstraction.n.06'), Synset('relation.n.01'), Synset('social_relation.n.01'), Synset('politics.n.01')]	4
entity	lindsay	[]	None	-1
entity	juan	[]	None	None
entity	wm	[]	None	None
cognition	toilet	['hypernym', 'hypernym', 'hypernym', 'hyponym', 'hyponym', 'hypernym', 'hypernym', 'hypernym', 'hyponym', 'hypernym', 'hypernym']	[Synset('cognition.n.01'), Synset('psychological_feature.n.01'), Synset('abstraction.n.06'), Synset('group.n.01'), Synset('arrangement.n.02'), Synset('flower_arrangement.n.01'), Synset('decoration.n.01'), Synset('artifact.n.01'), Synset('structure.n.01'), Synset('area.n.05'), Synset('room.n.01'), Synset('toilet.n.01')]	11
entity	duarte	[]	None	None
cognition	death	['hypernym', 'hypernym', 'hypernym', 'hypernym', 'hyponym', 'hypernym', 'hypernym', 'hyponym', 'hypernym']	[Synset('cognition.n.01'), Synset('psychological_feature.n.01'), Synset('abstraction.n.06'), Synset('entity.n.01'), Synset('physical_entity.n.01'), Synset('process.n.06'), Synset('phenomenon.n.01'), Synset('natural_phenomenon.n.01'), Synset('organic_phenomenon.n.01'), Synset('death.n.02')]	9
cognition	j	[]	None	-1
entity	India	['hypernym', 'hypernym', 'hypernym', 'hypernym', 'hyponym', 'holonym', 'holonym', 'holonym']	[Synset('entity.n.01'), Synset('physical_entity.n.01'), Synset('causal_agent.n.01'), Synset('person.n.01'), Synset('inhabitant.n.01'), Synset('australian.n.01'), Synset('australia.n.01'), Synset('british_commonwealth.n.01'), Synset('india.n.01')]	8
entity	religion	['hypernym', 'hypernym', 'hypernym', 'hyponym', 'hyponym', 'hypernym']	[Synset('entity.n.01'), Synset('abstraction.n.06'), Synset('psychological_feature.n.01'), Synset('cognition.n.01'), Synset('content.n.05'), Synset('belief.n.01'), Synset('religion.n.01')]	6
