whole	east	[]	None	-1
whole	newsmen	[]	None	-1
person	news	['hyponym', 'hyponym', 'hyponym', 'hypernym', 'hypernym', 'hypernym', 'hypernym', 'hyponym', 'hyponym', 'hypernym', 'hyponym', 'hyponym', 'hypernym']	[Synset('person.n.02'), Synset('human_body.n.01'), Synset('body.n.01'), Synset('natural_object.n.01'), Synset('whole.n.02'), Synset('object.n.01'), Synset('physical_entity.n.01'), Synset('entity.n.01'), Synset('abstraction.n.06'), Synset('communication.n.02'), Synset('message.n.01'), Synset('broadcast.n.01'), Synset('newscast.n.01'), Synset('news.n.02')]	13
person	agency	['hyponym', 'hyponym', 'hyponym', 'hypernym', 'hyponym', 'hypernym', 'hypernym', 'hyponym', 'hyponym', 'hypernym', 'hypernym', 'hypernym', 'hyponym', 'hyponym']	[Synset('person.n.02'), Synset('human_body.n.01'), Synset('body.n.01'), Synset('natural_object.n.01'), Synset('whole.n.02'), Synset('artifact.n.01'), Synset('decoration.n.01'), Synset('flower_arrangement.n.01'), Synset('arrangement.n.02'), Synset('group.n.01'), Synset('social_group.n.01'), Synset('organization.n.01'), Synset('unit.n.03'), Synset('administrative_unit.n.01'), Synset('agency.n.01')]	14
whole	politics	[]	None	-1
whole	ethical_motive	['hypernym', 'hypernym', 'hypernym', 'hypernym', 'hypernym', 'hyponym', 'hyponym']	[Synset('whole.n.01'), Synset('concept.n.01'), Synset('idea.n.01'), Synset('content.n.05'), Synset('cognition.n.01'), Synset('psychological_feature.n.01'), Synset('motivation.n.01'), Synset('ethical_motive.n.01')]	7
whole	governors	[]	None	-1
whole	state	['hypernym', 'hypernym', 'hypernym', 'hypernym', 'hypernym', 'hypernym', 'hyponym', 'hypernym']	[Synset('whole.n.01'), Synset('concept.n.01'), Synset('idea.n.01'), Synset('content.n.05'), Synset('cognition.n.01'), Synset('psychological_feature.n.01'), Synset('abstraction.n.06'), Synset('attribute.n.02'), Synset('state.n.02')]	8
person	jersey	[]	None	-1
person	spiro	[]	None	None
whole	hindrance	['hypernym', 'hypernym', 'hypernym', 'hypernym', 'hypernym', 'hypernym', 'hyponym', 'hyponym', 'hyponym', 'hypernym', 'hypernym', 'hypernym', 'hypernym', 'hyponym']	[Synset('whole.n.01'), Synset('concept.n.01'), Synset('idea.n.01'), Synset('content.n.05'), Synset('cognition.n.01'), Synset('psychological_feature.n.01'), Synset('abstraction.n.06'), Synset('group.n.01'), Synset('arrangement.n.02'), Synset('flower_arrangement.n.01'), Synset('decoration.n.01'), Synset('artifact.n.01'), Synset('structure.n.01'), Synset('obstruction.n.01'), Synset('hindrance.n.02')]	14
person	theodore	[]	None	None
whole	office	['hypernym', 'hypernym', 'hypernym', 'hypernym', 'hypernym', 'hypernym', 'hyponym', 'hyponym', 'hyponym', 'hypernym', 'hypernym', 'hypernym', 'hypernym', 'hypernym', 'hypernym']	[Synset('whole.n.01'), Synset('concept.n.01'), Synset('idea.n.01'), Synset('content.n.05'), Synset('cognition.n.01'), Synset('psychological_feature.n.01'), Synset('abstraction.n.06'), Synset('group.n.01'), Synset('arrangement.n.02'), Synset('flower_arrangement.n.01'), Synset('decoration.n.01'), Synset('artifact.n.01'), Synset('structure.n.01'), Synset('establishment.n.04'), Synset('place_of_business.n.01'), Synset('office.n.01')]	15
person	state	['holonym', 'hypernym', 'hyponym', 'hyponym', 'hypernym']	[Synset('person.n.01'), Synset('people.n.01'), Synset('group.n.01'), Synset('abstraction.n.06'), Synset('attribute.n.02'), Synset('state.n.02')]	5
whole	news	['hypernym', 'hypernym', 'hypernym', 'hypernym', 'hypernym', 'hypernym', 'hyponym', 'hypernym', 'hypernym', 'hypernym']	[Synset('whole.n.01'), Synset('concept.n.01'), Synset('idea.n.01'), Synset('content.n.05'), Synset('cognition.n.01'), Synset('psychological_feature.n.01'), Synset('abstraction.n.06'), Synset('communication.n.02'), Synset('message.n.02'), Synset('information.n.01'), Synset('news.n.01')]	10
person	reporter	['hypernym', 'hypernym']	[Synset('person.n.01'), Synset('communicator.n.01'), Synset('reporter.n.01')]	2
person	politics	['holonym', 'hypernym', 'hyponym', 'hypernym', 'hypernym', 'hypernym', 'hypernym', 'hypernym', 'hypernym', 'hypernym', 'hypernym']	[Synset('person.n.01'), Synset('people.n.01'), Synset('group.n.01'), Synset('abstraction.n.06'), Synset('psychological_feature.n.01'), Synset('cognition.n.01'), Synset('content.n.05'), Synset('knowledge_domain.n.01'), Synset('discipline.n.01'), Synset('science.n.01'), Synset('social_science.n.01'), Synset('politics.n.02')]	11
whole	government	['hypernym', 'hypernym', 'hypernym', 'hypernym', 'hypernym', 'hypernym', 'hyponym', 'hypernym', 'hypernym', 'hypernym', 'hypernym']	[Synset('whole.n.01'), Synset('concept.n.01'), Synset('idea.n.01'), Synset('content.n.05'), Synset('cognition.n.01'), Synset('psychological_feature.n.01'), Synset('abstraction.n.06'), Synset('group.n.01'), Synset('social_group.n.01'), Synset('organization.n.01'), Synset('polity.n.02'), Synset('government.n.01')]	11
person	assaults	[]	None	-1
whole	new	[]	None	-1
whole	nj	[]	None	-1
person	conflict	['holonym', 'hypernym', 'hyponym', 'hyponym', 'hypernym', 'hypernym', 'hyponym', 'hyponym']	[Synset('person.n.01'), Synset('people.n.01'), Synset('group.n.01'), Synset('abstraction.n.06'), Synset('attribute.n.02'), Synset('state.n.02'), Synset('feeling.n.01'), Synset('ambivalence.n.01'), Synset('conflict.n.02')]	8
whole	medium	['hypernym', 'hypernym', 'hypernym', 'hypernym', 'hypernym', 'hypernym', 'hypernym', 'hypernym', 'hypernym', 'hypernym']	[Synset('whole.n.01'), Synset('concept.n.01'), Synset('idea.n.01'), Synset('content.n.05'), Synset('cognition.n.01'), Synset('psychological_feature.n.01'), Synset('abstraction.n.06'), Synset('relation.n.01'), Synset('part.n.01'), Synset('substance.n.01'), Synset('medium.n.07')]	10
person	israeliarab	[]	None	None
person	middle	[]	None	-1
person	agnew	[]	None	None
whole	united	[]	None	-1
whole	newark	[]	None	-1
person	elections	[]	None	-1
person	newark	[]	None	-1
person	united	[]	None	-1
whole	agnew	[]	None	None
whole	election	['hypernym', 'hypernym', 'hypernym', 'hypernym', 'hypernym', 'hyponym', 'hyponym', 'hypernym', 'hypernym']	[Synset('whole.n.01'), Synset('concept.n.01'), Synset('idea.n.01'), Synset('content.n.05'), Synset('cognition.n.01'), Synset('psychological_feature.n.01'), Synset('event.n.01'), Synset('group_action.n.01'), Synset('vote.n.02'), Synset('election.n.01')]	9
whole	middle	['hypernym', 'hypernym', 'hypernym', 'hypernym', 'hypernym', 'hypernym', 'hyponym', 'hypernym', 'hypernym', 'hyponym', 'hyponym', 'hypernym', 'hypernym']	[Synset('whole.n.01'), Synset('concept.n.01'), Synset('idea.n.01'), Synset('content.n.05'), Synset('cognition.n.01'), Synset('psychological_feature.n.01'), Synset('abstraction.n.06'), Synset('entity.n.01'), Synset('physical_entity.n.01'), Synset('thing.n.12'), Synset('part.n.03'), Synset('body_part.n.01'), Synset('area.n.03'), Synset('middle.n.03')]	13
whole	israeliarab	[]	None	None
whole	theodore	[]	None	None
person	culture_medium	['hypernym', 'hyponym', 'hypernym', 'hypernym', 'hypernym']	[Synset('person.n.01'), Synset('causal_agent.n.01'), Synset('agent.n.03'), Synset('substance.n.07'), Synset('food.n.01'), Synset('culture_medium.n.01')]	5
person	hindrance	['hypernym', 'hyponym', 'hyponym', 'hyponym', 'hypernym', 'hypernym', 'hyponym']	[Synset('person.n.01'), Synset('organism.n.01'), Synset('living_thing.n.01'), Synset('whole.n.02'), Synset('artifact.n.01'), Synset('structure.n.01'), Synset('obstruction.n.01'), Synset('hindrance.n.02')]	7
whole	spiro	[]	None	None
whole	conflict	['hypernym', 'hypernym', 'hypernym', 'hypernym', 'hypernym', 'hyponym', 'hyponym', 'hypernym']	[Synset('whole.n.01'), Synset('concept.n.01'), Synset('idea.n.01'), Synset('content.n.05'), Synset('cognition.n.01'), Synset('psychological_feature.n.01'), Synset('event.n.01'), Synset('group_action.n.01'), Synset('conflict.n.01')]	8
whole	jersey	[]	None	-1
person	nj	[]	None	-1
person	new	[]	None	-1
whole	assault	['hypernym', 'hypernym', 'hypernym', 'hypernym', 'hypernym', 'hyponym', 'hyponym', 'hypernym', 'hypernym', 'hyponym']	[Synset('whole.n.01'), Synset('concept.n.01'), Synset('idea.n.01'), Synset('content.n.05'), Synset('cognition.n.01'), Synset('psychological_feature.n.01'), Synset('event.n.01'), Synset('group_action.n.01'), Synset('military_action.n.01'), Synset('battle.n.01'), Synset('assault.n.01')]	10
person	governor	['hypernym', 'hyponym', 'hyponym', 'hyponym', 'hypernym', 'hyponym', 'hypernym', 'hypernym', 'hypernym']	[Synset('person.n.01'), Synset('organism.n.01'), Synset('living_thing.n.01'), Synset('whole.n.02'), Synset('artifact.n.01'), Synset('instrumentality.n.03'), Synset('device.n.01'), Synset('mechanism.n.05'), Synset('control.n.09'), Synset('governor.n.02')]	9
person	ethical_motive	['holonym', 'hypernym', 'hyponym', 'hypernym', 'hyponym', 'hyponym']	[Synset('person.n.01'), Synset('people.n.01'), Synset('group.n.01'), Synset('abstraction.n.06'), Synset('psychological_feature.n.01'), Synset('motivation.n.01'), Synset('ethical_motive.n.01')]	6
person	east	['holonym', 'hypernym', 'hyponym', 'hypernym', 'hypernym', 'hypernym', 'hyponym', 'hypernym', 'hypernym']	[Synset('person.n.01'), Synset('people.n.01'), Synset('group.n.01'), Synset('abstraction.n.06'), Synset('relation.n.01'), Synset('position.n.07'), Synset('direction.n.02'), Synset('compass_point.n.01'), Synset('cardinal_compass_point.n.01'), Synset('east.n.01')]	9
person	government	['holonym', 'hypernym', 'hypernym', 'hypernym', 'hypernym', 'hypernym']	[Synset('person.n.01'), Synset('people.n.01'), Synset('group.n.01'), Synset('social_group.n.01'), Synset('organization.n.01'), Synset('polity.n.02'), Synset('government.n.01')]	6

cognition	big	[]	None	-1
entity	france	[]	None	-1
entity	league	['hyponym', 'hyponym', 'hypernym', 'hypernym', 'hyponym', 'hypernym']	[Synset('entity.n.01'), Synset('abstraction.n.06'), Synset('group.n.01'), Synset('social_group.n.01'), Synset('organization.n.01'), Synset('association.n.01'), Synset('league.n.01')]	6
entity	par	[]	None	-1
entity	war	[]	None	-1
entity	franco	[]	None	-1
cognition	possession	['hypernym', 'hypernym', 'hypernym', 'hypernym']	[Synset('cognition.n.01'), Synset('psychological_feature.n.01'), Synset('abstraction.n.06'), Synset('relation.n.01'), Synset('possession.n.02')]	4
entity	de	[]	None	-1
cognition	afonso	[]	None	None
entity	relation	['hyponym', 'hypernym']	[Synset('entity.n.01'), Synset('abstraction.n.06'), Synset('relation.n.01')]	2
entity	movie	['hyponym', 'hypernym', 'hyponym', 'hypernym', 'hypernym', 'hyponym']	[Synset('entity.n.01'), Synset('abstraction.n.06'), Synset('psychological_feature.n.01'), Synset('event.n.01'), Synset('social_event.n.01'), Synset('show.n.03'), Synset('movie.n.01')]	6
entity	cold	['hypernym', 'hyponym', 'hyponym', 'hyponym', 'hypernym', 'hypernym', 'hypernym', 'hyponym']	[Synset('entity.n.01'), Synset('physical_entity.n.01'), Synset('process.n.06'), Synset('degeneration.n.01'), Synset('macular_degeneration.n.01'), Synset('eye_disease.n.01'), Synset('disease.n.01'), Synset('communicable_disease.n.01'), Synset('cold.n.01')]	8
cognition	cold	['hypernym', 'hypernym', 'hypernym', 'hypernym', 'hypernym', 'hyponym', 'hyponym', 'hypernym', 'hyponym']	[Synset('cognition.n.01'), Synset('information.n.02'), Synset('evidence.n.01'), Synset('symptom.n.01'), Synset('exophthalmos.n.01'), Synset('graves'_disease.n.01'), Synset('autoimmune_disease.n.01'), Synset('disease.n.01'), Synset('communicable_disease.n.01'), Synset('cold.n.01')]	9
entity	dean	[]	None	-1
entity	vacations	[]	None	-1
cognition	melo	[]	None	None
cognition	production	['hypernym', 'hypernym', 'hyponym', 'hyponym', 'hyponym', 'hyponym']	[Synset('cognition.n.01'), Synset('psychological_feature.n.01'), Synset('abstraction.n.06'), Synset('communication.n.02'), Synset('display.n.05'), Synset('presentation.n.03'), Synset('production.n.02')]	6
entity	sergeyevich	[]	None	None
entity	armament	['hypernym', 'hypernym', 'hypernym', 'hyponym', 'hypernym', 'hypernym', 'hyponym']	[Synset('entity.n.01'), Synset('physical_entity.n.01'), Synset('object.n.01'), Synset('whole.n.02'), Synset('artifact.n.01'), Synset('instrumentality.n.03'), Synset('weaponry.n.01'), Synset('armament.n.01')]	7
entity	khrushchev	[]	None	-1
cognition	motion	['hypernym', 'hyponym', 'hyponym', 'hyponym', 'hypernym', 'hypernym']	[Synset('cognition.n.01'), Synset('psychological_feature.n.01'), Synset('event.n.01'), Synset('act.n.02'), Synset('action.n.01'), Synset('change.n.03'), Synset('motion.n.06')]	6
cognition	union	[]	None	-1
cognition	khrushchev	[]	None	-1
cognition	specific	[]	None	-1
entity	big	[]	None	-1
entity	state	['hyponym', 'hyponym', 'hypernym', 'hypernym', 'holonym', 'hypernym']	[Synset('entity.n.01'), Synset('abstraction.n.06'), Synset('group.n.01'), Synset('social_group.n.01'), Synset('political_system.n.01'), Synset('political_unit.n.01'), Synset('state.n.04')]	6
cognition	Western	['hypernym', 'hyponym', 'hypernym', 'hypernym', 'hyponym', 'hyponym', 'hyponym']	[Synset('cognition.n.01'), Synset('psychological_feature.n.01'), Synset('event.n.01'), Synset('social_event.n.01'), Synset('show.n.03'), Synset('movie.n.01'), Synset('feature.n.03'), Synset('western.n.01')]	7
entity	arinos	[]	None	None
cognition	de	[]	None	-1
cognition	Department_of_Commerce	['hypernym', 'hypernym', 'hyponym', 'hypernym', 'hypernym', 'hypernym', 'hypernym', 'holonym', 'hyponym', 'hyponym', 'hyponym']	[Synset('cognition.n.01'), Synset('psychological_feature.n.01'), Synset('abstraction.n.06'), Synset('group.n.01'), Synset('social_group.n.01'), Synset('organization.n.01'), Synset('polity.n.02'), Synset('government.n.01'), Synset('government_department.n.01'), Synset('federal_department.n.01'), Synset('executive_department.n.01'), Synset('department_of_commerce.n.01')]	11
entity	1st	[]	None	-1
entity	international	[]	None	-1
entity	government	['hyponym', 'hyponym', 'hypernym', 'hypernym', 'hypernym', 'hypernym']	[Synset('entity.n.01'), Synset('abstraction.n.06'), Synset('group.n.01'), Synset('social_group.n.01'), Synset('organization.n.01'), Synset('polity.n.02'), Synset('government.n.01')]	6
cognition	kir	[]	None	None
entity	commerce	['hyponym', 'hypernym', 'hyponym', 'hyponym', 'hyponym', 'hypernym', 'hypernym', 'hypernym', 'hypernym']	[Synset('entity.n.01'), Synset('abstraction.n.06'), Synset('psychological_feature.n.01'), Synset('event.n.01'), Synset('act.n.02'), Synset('activity.n.01'), Synset('politics.n.05'), Synset('affairs.n.02'), Synset('transaction.n.01'), Synset('commerce.n.01')]	9
cognition	1st	[]	None	-1
cognition	relation	['hypernym', 'hypernym', 'hypernym']	[Synset('cognition.n.01'), Synset('psychological_feature.n.01'), Synset('abstraction.n.06'), Synset('relation.n.01')]	3
entity	movement	['hyponym', 'hypernym', 'hyponym', 'hyponym', 'hypernym']	[Synset('entity.n.01'), Synset('abstraction.n.06'), Synset('psychological_feature.n.01'), Synset('event.n.01'), Synset('happening.n.01'), Synset('movement.n.03')]	5
entity	festival	['hyponym', 'hypernym', 'hyponym', 'hyponym', 'hyponym', 'hypernym', 'hyponym', 'hyponym']	[Synset('entity.n.01'), Synset('abstraction.n.06'), Synset('psychological_feature.n.01'), Synset('event.n.01'), Synset('act.n.02'), Synset('activity.n.01'), Synset('diversion.n.01'), Synset('celebration.n.02'), Synset('festival.n.02')]	8
entity	sarin	['hypernym', 'hyponym', 'hyponym', 'hypernym', 'hyponym', 'hyponym']	[Synset('entity.n.01'), Synset('physical_entity.n.01'), Synset('causal_agent.n.01'), Synset('agent.n.03'), Synset('nerve_gas.n.01'), Synset('organophosphate_nerve_agent.n.01'), Synset('sarin.n.01')]	6
entity	melo	[]	None	None
cognition	reappraisal	['hypernym', 'hypernym', 'hyponym', 'hyponym', 'hyponym']	[Synset('cognition.n.01'), Synset('process.n.02'), Synset('basic_cognitive_process.n.01'), Synset('classification.n.03'), Synset('appraisal.n.01'), Synset('reappraisal.n.01')]	5
cognition	sarin	['hypernym', 'hypernym', 'hyponym', 'hypernym', 'hyponym', 'hyponym', 'hypernym', 'hyponym', 'hyponym']	[Synset('cognition.n.01'), Synset('psychological_feature.n.01'), Synset('abstraction.n.06'), Synset('entity.n.01'), Synset('physical_entity.n.01'), Synset('causal_agent.n.01'), Synset('agent.n.03'), Synset('nerve_gas.n.01'), Synset('organophosphate_nerve_agent.n.01'), Synset('sarin.n.01')]	9
entity	american	[]	None	-1
entity	Western	['hyponym', 'hypernym', 'hyponym', 'hypernym', 'hypernym', 'hyponym', 'hyponym', 'hyponym']	[Synset('entity.n.01'), Synset('abstraction.n.06'), Synset('psychological_feature.n.01'), Synset('event.n.01'), Synset('social_event.n.01'), Synset('show.n.03'), Synset('movie.n.01'), Synset('feature.n.03'), Synset('western.n.01')]	8
entity	datum	['hyponym', 'hypernym', 'hypernym', 'hypernym', 'hyponym']	[Synset('entity.n.01'), Synset('abstraction.n.06'), Synset('psychological_feature.n.01'), Synset('cognition.n.01'), Synset('information.n.02'), Synset('datum.n.01')]	5
cognition	state	['hypernym', 'hypernym', 'hyponym', 'hypernym', 'hypernym', 'holonym', 'hypernym']	[Synset('cognition.n.01'), Synset('psychological_feature.n.01'), Synset('abstraction.n.06'), Synset('group.n.01'), Synset('social_group.n.01'), Synset('political_system.n.01'), Synset('political_unit.n.01'), Synset('state.n.04')]	7
entity	felix	[]	None	None
cognition	international	[]	None	-1
cognition	government	['hypernym', 'hypernym', 'hyponym', 'hypernym', 'hypernym', 'hypernym', 'hypernym']	[Synset('cognition.n.01'), Synset('psychological_feature.n.01'), Synset('abstraction.n.06'), Synset('group.n.01'), Synset('social_group.n.01'), Synset('organization.n.01'), Synset('polity.n.02'), Synset('government.n.01')]	7
cognition	politics	['hypernym', 'hypernym', 'hypernym', 'hypernym', 'hypernym', 'hypernym']	[Synset('cognition.n.01'), Synset('content.n.05'), Synset('knowledge_domain.n.01'), Synset('discipline.n.01'), Synset('science.n.01'), Synset('social_science.n.01'), Synset('politics.n.02')]	6
cognition	1	[]	None	-1
cognition	rusk	[]	None	-1
cognition	power	['hypernym', 'hypernym', 'hyponym', 'hypernym', 'hypernym']	[Synset('cognition.n.01'), Synset('psychological_feature.n.01'), Synset('abstraction.n.06'), Synset('attribute.n.02'), Synset('quality.n.01'), Synset('power.n.01')]	5
entity	rusk	[]	None	-1
entity	mutual	[]	None	-1
cognition	festival	['hypernym', 'hypernym', 'hyponym', 'hyponym', 'hyponym', 'hypernym']	[Synset('cognition.n.01'), Synset('psychological_feature.n.01'), Synset('abstraction.n.06'), Synset('measure.n.02'), Synset('fundamental_quantity.n.01'), Synset('time_period.n.01'), Synset('festival.n.01')]	6
cognition	mutual	[]	None	-1
entity	reappraisal	['hyponym', 'hypernym', 'hypernym', 'hypernym', 'hypernym', 'hyponym', 'hyponym', 'hyponym']	[Synset('entity.n.01'), Synset('abstraction.n.06'), Synset('psychological_feature.n.01'), Synset('cognition.n.01'), Synset('process.n.02'), Synset('basic_cognitive_process.n.01'), Synset('classification.n.03'), Synset('appraisal.n.01'), Synset('reappraisal.n.01')]	8
entity	democracy	['hyponym', 'hyponym', 'hypernym', 'hypernym', 'hyponym']	[Synset('entity.n.01'), Synset('abstraction.n.06'), Synset('group.n.01'), Synset('social_group.n.01'), Synset('political_system.n.01'), Synset('democracy.n.02')]	5
cognition	socialist	[]	None	-1
entity	coupling	['hypernym', 'hyponym', 'hypernym', 'hypernym', 'hypernym', 'hypernym']	[Synset('entity.n.01'), Synset('physical_entity.n.01'), Synset('process.n.06'), Synset('organic_process.n.01'), Synset('bodily_process.n.01'), Synset('sexual_activity.n.01'), Synset('coupling.n.03')]	6
cognition	American	['hypernym', 'hypernym', 'hyponym', 'hypernym', 'holonym', 'hypernym', 'hyponym']	[Synset('cognition.n.01'), Synset('psychological_feature.n.01'), Synset('abstraction.n.06'), Synset('group.n.01'), Synset('people.n.01'), Synset('person.n.01'), Synset('inhabitant.n.01'), Synset('american.n.01')]	7
cognition	arinos	[]	None	None
cognition	nikita	[]	None	None
entity	politics	['hyponym', 'hypernym', 'hypernym', 'hypernym', 'hypernym', 'hypernym', 'hypernym', 'hypernym', 'hypernym']	[Synset('entity.n.01'), Synset('abstraction.n.06'), Synset('psychological_feature.n.01'), Synset('cognition.n.01'), Synset('content.n.05'), Synset('knowledge_domain.n.01'), Synset('discipline.n.01'), Synset('science.n.01'), Synset('social_science.n.01'), Synset('politics.n.02')]	9
entity	1	[]	None	-1
entity	travel	['hyponym', 'hypernym', 'hyponym', 'hyponym', 'hyponym', 'hypernym', 'hypernym', 'hypernym']	[Synset('entity.n.01'), Synset('abstraction.n.06'), Synset('psychological_feature.n.01'), Synset('event.n.01'), Synset('act.n.02'), Synset('action.n.01'), Synset('change.n.03'), Synset('motion.n.06'), Synset('travel.n.01')]	8
entity	hemisphere	[]	None	-1
cognition	felix	[]	None	None
cognition	conference	['hypernym', 'hypernym', 'hyponym', 'hypernym', 'hyponym', 'hypernym', 'hypernym']	[Synset('cognition.n.01'), Synset('psychological_feature.n.01'), Synset('abstraction.n.06'), Synset('group.n.01'), Synset('social_group.n.01'), Synset('gathering.n.01'), Synset('meeting.n.01'), Synset('conference.n.01')]	7
cognition	travel	['hypernym', 'hyponym', 'hyponym', 'hyponym', 'hypernym', 'hypernym', 'hypernym']	[Synset('cognition.n.01'), Synset('psychological_feature.n.01'), Synset('event.n.01'), Synset('act.n.02'), Synset('action.n.01'), Synset('change.n.03'), Synset('motion.n.06'), Synset('travel.n.01')]	7
cognition	hemisphere	[]	None	-1
cognition	franco	[]	None	-1
entity	possession	['hyponym', 'hypernym', 'hyponym', 'hyponym', 'hyponym', 'hypernym', 'hypernym']	[Synset('entity.n.01'), Synset('abstraction.n.06'), Synset('psychological_feature.n.01'), Synset('event.n.01'), Synset('act.n.02'), Synset('activity.n.01'), Synset('control.n.05'), Synset('possession.n.01')]	7
entity	power	['hyponym', 'hyponym', 'hypernym', 'hypernym']	[Synset('entity.n.01'), Synset('abstraction.n.06'), Synset('attribute.n.02'), Synset('quality.n.01'), Synset('power.n.01')]	4
cognition	us	[]	None	-1
entity	kir	[]	None	None
entity	afonso	[]	None	None
cognition	democracy	['hypernym', 'hypernym', 'hyponym', 'hypernym', 'hypernym', 'hyponym']	[Synset('cognition.n.01'), Synset('psychological_feature.n.01'), Synset('abstraction.n.06'), Synset('group.n.01'), Synset('social_group.n.01'), Synset('political_system.n.01'), Synset('democracy.n.02')]	6
entity	socialist	[]	None	-1
cognition	soviet	[]	None	-1
cognition	intergovernment	[]	None	None
cognition	cuba	[]	None	-1
cognition	france	[]	None	-1
entity	United_States	['hyponym', 'hyponym', 'hypernym', 'hypernym', 'hyponym', 'hypernym', 'hypernym', 'holonym']	[Synset('entity.n.01'), Synset('abstraction.n.06'), Synset('group.n.01'), Synset('social_group.n.01'), Synset('organization.n.01'), Synset('alliance.n.03'), Synset('world_organization.n.01'), Synset('organization_of_american_states.n.01'), Synset('united_states.n.01')]	8
cognition	ussr	[]	None	-1
cognition	security	['hypernym', 'hypernym', 'hyponym', 'hyponym', 'hyponym', 'hyponym', 'hypernym']	[Synset('cognition.n.01'), Synset('psychological_feature.n.01'), Synset('abstraction.n.06'), Synset('communication.n.02'), Synset('document.n.03'), Synset('debt_instrument.n.01'), Synset('bond.n.02'), Synset('security.n.04')]	7
entity	security	['hyponym', 'hyponym', 'hyponym', 'hyponym', 'hyponym', 'hypernym']	[Synset('entity.n.01'), Synset('abstraction.n.06'), Synset('communication.n.02'), Synset('document.n.03'), Synset('debt_instrument.n.01'), Synset('bond.n.02'), Synset('security.n.04')]	6
cognition	war	['hypernym', 'hyponym', 'hyponym', 'hypernym', 'hypernym']	[Synset('cognition.n.01'), Synset('psychological_feature.n.01'), Synset('event.n.01'), Synset('group_action.n.01'), Synset('military_action.n.01'), Synset('war.n.01')]	5
cognition	nitrogen	['hypernym', 'hypernym', 'hyponym', 'hypernym', 'hyponym', 'hypernym', 'hypernym']	[Synset('cognition.n.01'), Synset('psychological_feature.n.01'), Synset('abstraction.n.06'), Synset('group.n.01'), Synset('halogen.n.01'), Synset('iodine.n.01'), Synset('chemical_element.n.01'), Synset('nitrogen.n.01')]	7
entity	nitrogen	['hypernym', 'hyponym', 'hypernym', 'hyponym', 'hypernym']	[Synset('entity.n.01'), Synset('physical_entity.n.01'), Synset('matter.n.03'), Synset('substance.n.01'), Synset('chemical_element.n.01'), Synset('nitrogen.n.01')]	5
cognition	mental_picture	['hypernym', 'hypernym', 'hypernym', 'hypernym']	[Synset('cognition.n.01'), Synset('content.n.05'), Synset('representation.n.01'), Synset('image.n.01'), Synset('mental_picture.n.01')]	4
entity	production	['hyponym', 'hypernym', 'hyponym', 'hyponym', 'hypernym']	[Synset('entity.n.01'), Synset('abstraction.n.06'), Synset('psychological_feature.n.01'), Synset('event.n.01'), Synset('act.n.02'), Synset('production.n.01')]	5
cognition	armament	['hypernym', 'hypernym', 'hyponym', 'hyponym', 'hyponym', 'hypernym', 'hypernym', 'hypernym', 'hypernym', 'hyponym']	[Synset('cognition.n.01'), Synset('psychological_feature.n.01'), Synset('abstraction.n.06'), Synset('group.n.01'), Synset('arrangement.n.02'), Synset('flower_arrangement.n.01'), Synset('decoration.n.01'), Synset('artifact.n.01'), Synset('instrumentality.n.03'), Synset('weaponry.n.01'), Synset('armament.n.01')]	10
entity	soviet	['hyponym', 'hyponym', 'hypernym', 'hypernym', 'hypernym', 'hyponym', 'hyponym', 'hypernym']	[Synset('entity.n.01'), Synset('abstraction.n.06'), Synset('group.n.01'), Synset('social_group.n.01'), Synset('organization.n.01'), Synset('unit.n.03'), Synset('administrative_unit.n.01'), Synset('council.n.01'), Synset('soviet.n.01')]	8
entity	intergovernment	[]	None	None
cognition	dean	[]	None	-1
cognition	vacations	[]	None	-1
entity	specific	['hypernym', 'hyponym', 'hyponym', 'hypernym', 'hypernym', 'hypernym']	[Synset('entity.n.01'), Synset('physical_entity.n.01'), Synset('causal_agent.n.01'), Synset('agent.n.03'), Synset('drug.n.01'), Synset('medicine.n.02'), Synset('specific.n.02')]	6
entity	cuba	[]	None	-1
cognition	sergeyevich	[]	None	None
cognition	data	['hypernym', 'hypernym', 'hyponym', 'hypernym', 'hypernym']	[Synset('cognition.n.01'), Synset('psychological_feature.n.01'), Synset('abstraction.n.06'), Synset('group.n.01'), Synset('collection.n.01'), Synset('data.n.01')]	5
entity	nikita	[]	None	None
entity	ussr	[]	None	-1
cognition	par	['hypernym', 'hypernym', 'hyponym', 'hyponym', 'hyponym', 'hypernym', 'hypernym']	[Synset('cognition.n.01'), Synset('psychological_feature.n.01'), Synset('abstraction.n.06'), Synset('measure.n.02'), Synset('definite_quantity.n.01'), Synset('number.n.02'), Synset('score.n.03'), Synset('par.n.01')]	7

entity	government	['hyponym', 'hyponym', 'hypernym', 'hypernym', 'hypernym', 'hypernym']	[Synset('entity.n.01'), Synset('abstraction.n.06'), Synset('group.n.01'), Synset('social_group.n.01'), Synset('organization.n.01'), Synset('polity.n.02'), Synset('government.n.01')]	6
cognition	heuvel	[]	None	None
entity	united	[]	None	-1
cognition	deaths	[]	None	-1
entity	j	[]	None	-1
entity	eva	[]	None	None
cognition	religion	['hypernym', 'hypernym', 'hyponym', 'hypernym', 'hypernym', 'hypernym', 'hypernym']	[Synset('cognition.n.01'), Synset('psychological_feature.n.01'), Synset('abstraction.n.06'), Synset('group.n.01'), Synset('social_group.n.01'), Synset('organization.n.01'), Synset('institution.n.01'), Synset('religion.n.02')]	7
cognition	vanden	[]	None	None
entity	motion	['hyponym', 'hypernym', 'hyponym', 'hyponym', 'hyponym', 'hypernym', 'hypernym']	[Synset('entity.n.01'), Synset('abstraction.n.06'), Synset('psychological_feature.n.01'), Synset('event.n.01'), Synset('act.n.02'), Synset('action.n.01'), Synset('change.n.03'), Synset('motion.n.06')]	7
cognition	church	['hypernym', 'hypernym', 'hyponym', 'hypernym', 'hypernym', 'hypernym', 'hypernym', 'hypernym']	[Synset('cognition.n.01'), Synset('psychological_feature.n.01'), Synset('abstraction.n.06'), Synset('group.n.01'), Synset('social_group.n.01'), Synset('organization.n.01'), Synset('institution.n.01'), Synset('religion.n.02'), Synset('church.n.01')]	8
cognition	interfaith	[]	None	-1
entity	church	['hyponym', 'hyponym', 'hypernym', 'hypernym', 'hypernym', 'hypernym', 'hypernym']	[Synset('entity.n.01'), Synset('abstraction.n.06'), Synset('group.n.01'), Synset('social_group.n.01'), Synset('organization.n.01'), Synset('institution.n.01'), Synset('religion.n.02'), Synset('church.n.01')]	7
entity	vanden	[]	None	None
entity	heuvel	[]	None	None
cognition	wm	[]	None	None
cognition	j	[]	None	-1
entity	domingo	[]	None	-1
cognition	v	[]	None	-1
cognition	state	['hypernym', 'hypernym', 'hyponym', 'hypernym']	[Synset('cognition.n.01'), Synset('psychological_feature.n.01'), Synset('abstraction.n.06'), Synset('attribute.n.02'), Synset('state.n.02')]	4
entity	politics	['hyponym', 'hypernym', 'hypernym', 'hypernym', 'hypernym', 'hypernym', 'hypernym', 'hypernym', 'hypernym']	[Synset('entity.n.01'), Synset('abstraction.n.06'), Synset('psychological_feature.n.01'), Synset('cognition.n.01'), Synset('content.n.05'), Synset('knowledge_domain.n.01'), Synset('discipline.n.01'), Synset('science.n.01'), Synset('social_science.n.01'), Synset('politics.n.02')]	9
cognition	juan	[]	None	None
cognition	tom	[]	None	-1
cognition	eva	[]	None	None
cognition	domingo	[]	None	-1
entity	john	[]	None	-1
entity	peron	[]	None	-1
cognition	united	[]	None	-1
entity	turkey_cock	['hyponym', 'hyponym', 'hyponym', 'hyponym', 'hypernym', 'holonym', 'hypernym', 'hypernym', 'hypernym', 'hypernym']	[Synset('entity.n.01'), Synset('abstraction.n.06'), Synset('group.n.01'), Synset('biological_group.n.01'), Synset('animal_group.n.01'), Synset('flock.n.02'), Synset('bird.n.01'), Synset('gallinaceous_bird.n.01'), Synset('domestic_fowl.n.01'), Synset('turkey.n.01'), Synset('turkey_cock.n.01')]	10
entity	interfaith	[]	None	-1
cognition	move	['hypernym', 'hyponym', 'hyponym', 'hyponym', 'hypernym', 'hypernym']	[Synset('cognition.n.01'), Synset('psychological_feature.n.01'), Synset('event.n.01'), Synset('act.n.02'), Synset('action.n.01'), Synset('change.n.03'), Synset('move.n.02')]	6
cognition	india	[]	None	-1
entity	wm	[]	None	None
cognition	government	['hypernym', 'hypernym', 'hyponym', 'hypernym', 'hypernym', 'hypernym', 'hypernym']	[Synset('cognition.n.01'), Synset('psychological_feature.n.01'), Synset('abstraction.n.06'), Synset('group.n.01'), Synset('social_group.n.01'), Synset('organization.n.01'), Synset('polity.n.02'), Synset('government.n.01')]	7
cognition	politics	['hypernym', 'hypernym', 'hypernym', 'hypernym', 'hypernym', 'hypernym']	[Synset('cognition.n.01'), Synset('content.n.05'), Synset('knowledge_domain.n.01'), Synset('discipline.n.01'), Synset('science.n.01'), Synset('social_science.n.01'), Synset('politics.n.02')]	6
entity	state	['hyponym', 'hyponym', 'hypernym']	[Synset('entity.n.01'), Synset('abstraction.n.06'), Synset('attribute.n.02'), Synset('state.n.02')]	3
cognition	lindsay	[]	None	-1
entity	religion	['hyponym', 'hypernym', 'hypernym', 'hypernym', 'hyponym', 'hypernym']	[Synset('entity.n.01'), Synset('abstraction.n.06'), Synset('psychological_feature.n.01'), Synset('cognition.n.01'), Synset('content.n.05'), Synset('belief.n.01'), Synset('religion.n.01')]	6
cognition	Argentina	['hypernym', 'hypernym', 'hyponym', 'hypernym', 'hypernym', 'holonym', 'hyponym', 'hyponym', 'holonym']	[Synset('cognition.n.01'), Synset('psychological_feature.n.01'), Synset('abstraction.n.06'), Synset('group.n.01'), Synset('collection.n.01'), Synset('south_america.n.02'), Synset('american.n.03'), Synset('south_american.n.01'), Synset('argentinian.n.01'), Synset('argentina.n.01')]	9
cognition	duarte	[]	None	None
entity	vanadium	['hypernym', 'hyponym', 'hypernym', 'hyponym', 'hypernym', 'hypernym']	[Synset('entity.n.01'), Synset('physical_entity.n.01'), Synset('matter.n.03'), Synset('substance.n.01'), Synset('chemical_element.n.01'), Synset('metallic_element.n.01'), Synset('vanadium.n.01')]	6
cognition	peron	[]	None	-1
entity	Argentina	['hyponym', 'hyponym', 'hypernym', 'hypernym', 'holonym', 'hyponym', 'hyponym', 'holonym']	[Synset('entity.n.01'), Synset('abstraction.n.06'), Synset('group.n.01'), Synset('collection.n.01'), Synset('south_america.n.02'), Synset('american.n.03'), Synset('south_american.n.01'), Synset('argentinian.n.01'), Synset('argentina.n.01')]	8
entity	duarte	[]	None	None
cognition	toilet	['hypernym', 'hypernym', 'hyponym', 'hyponym', 'hyponym', 'hypernym', 'hypernym', 'hypernym', 'hyponym', 'hypernym', 'hypernym']	[Synset('cognition.n.01'), Synset('psychological_feature.n.01'), Synset('abstraction.n.06'), Synset('group.n.01'), Synset('arrangement.n.02'), Synset('flower_arrangement.n.01'), Synset('decoration.n.01'), Synset('artifact.n.01'), Synset('structure.n.01'), Synset('area.n.05'), Synset('room.n.01'), Synset('toilet.n.01')]	11
cognition	connally	[]	None	None
entity	india	[]	None	-1
entity	lindsay	[]	None	-1
entity	juan	[]	None	None
entity	connally	[]	None	None
entity	death	['hyponym', 'hypernym', 'hyponym', 'hyponym', 'hypernym', 'hypernym']	[Synset('entity.n.01'), Synset('abstraction.n.06'), Synset('psychological_feature.n.01'), Synset('event.n.01'), Synset('happening.n.01'), Synset('change.n.01'), Synset('death.n.01')]	6
