person	united	[]	None	-1
drawing_card	newsmen	[]	None	-1
drawing_card	conflict	[]	None	-1
drawing_card	new	[]	None	-1
person	assaults	[]	None	-1
drawing_card	state	['hypernym', 'hypernym', 'holonym', 'hypernym', 'hypernym', 'hyponym', 'hypernym']	[Synset('drawing_card.n.01'), Synset('entertainer.n.01'), Synset('person.n.01'), Synset('people.n.01'), Synset('group.n.01'), Synset('abstraction.n.06'), Synset('attribute.n.02'), Synset('state.n.02')]	7
drawing_card	nj	[]	None	-1
drawing_card	agency	['hypernym', 'hypernym', 'hypernym', 'hypernym', 'hypernym', 'hypernym', 'hyponym', 'hyponym', 'hypernym', 'hypernym', 'hypernym', 'hyponym', 'hyponym']	[Synset('drawing_card.n.02'), Synset('feature.n.06'), Synset('merchandise.n.01'), Synset('commodity.n.01'), Synset('artifact.n.01'), Synset('decoration.n.01'), Synset('flower_arrangement.n.01'), Synset('arrangement.n.02'), Synset('group.n.01'), Synset('social_group.n.01'), Synset('organization.n.01'), Synset('unit.n.03'), Synset('administrative_unit.n.01'), Synset('agency.n.01')]	13
drawing_card	medium	['hypernym', 'hypernym', 'hypernym', 'hypernym', 'hyponym', 'hypernym', 'hypernym']	[Synset('drawing_card.n.01'), Synset('entertainer.n.01'), Synset('person.n.01'), Synset('causal_agent.n.01'), Synset('physical_entity.n.01'), Synset('matter.n.03'), Synset('substance.n.01'), Synset('medium.n.07')]	7
person	spiro	[]	None	None
person	governors	[]	None	-1
drawing_card	government	['hypernym', 'hypernym', 'holonym', 'hypernym', 'hypernym', 'hypernym', 'hypernym', 'hypernym']	[Synset('drawing_card.n.01'), Synset('entertainer.n.01'), Synset('person.n.01'), Synset('people.n.01'), Synset('group.n.01'), Synset('social_group.n.01'), Synset('organization.n.01'), Synset('polity.n.02'), Synset('government.n.01')]	8
drawing_card	east	['hypernym', 'hypernym', 'hypernym', 'hypernym', 'hyponym', 'hypernym', 'hyponym']	[Synset('drawing_card.n.01'), Synset('entertainer.n.01'), Synset('person.n.01'), Synset('causal_agent.n.01'), Synset('physical_entity.n.01'), Synset('object.n.01'), Synset('location.n.01'), Synset('east.n.05')]	7
drawing_card	israeliarab	[]	None	None
leader	newark	[]	None	-1
leader	jersey	['hypernym', 'hypernym', 'hypernym', 'hypernym', 'hyponym', 'hypernym', 'hypernym', 'hypernym', 'hypernym', 'hyponym']	[Synset('leader.n.01'), Synset('person.n.01'), Synset('organism.n.01'), Synset('living_thing.n.01'), Synset('whole.n.02'), Synset('artifact.n.01'), Synset('covering.n.02'), Synset('clothing.n.01'), Synset('garment.n.01'), Synset('shirt.n.01'), Synset('jersey.n.03')]	10
person	news	['holonym', 'hypernym', 'hypernym', 'hyponym', 'hypernym', 'hypernym', 'hypernym']	[Synset('person.n.01'), Synset('people.n.01'), Synset('group.n.01'), Synset('abstraction.n.06'), Synset('communication.n.02'), Synset('message.n.02'), Synset('information.n.01'), Synset('news.n.02')]	7
person	middle	[]	None	-1
drawing_card	theodore	[]	None	None
person	nj	[]	None	-1
leader	government	['hypernym', 'holonym', 'hypernym', 'hypernym', 'hypernym', 'hypernym', 'hypernym']	[Synset('leader.n.01'), Synset('person.n.01'), Synset('people.n.01'), Synset('group.n.01'), Synset('social_group.n.01'), Synset('organization.n.01'), Synset('polity.n.02'), Synset('government.n.01')]	7
drawing_card	agency	['hypernym', 'hypernym', 'holonym', 'hypernym', 'hypernym', 'hypernym', 'hypernym', 'hyponym', 'hyponym']	[Synset('drawing_card.n.01'), Synset('entertainer.n.01'), Synset('person.n.01'), Synset('people.n.01'), Synset('group.n.01'), Synset('social_group.n.01'), Synset('organization.n.01'), Synset('unit.n.03'), Synset('administrative_unit.n.01'), Synset('agency.n.01')]	9
leader	new	[]	None	-1
person	elections	[]	None	-1
leader	state	['hypernym', 'holonym', 'hypernym', 'hypernym', 'hyponym', 'hypernym']	[Synset('leader.n.01'), Synset('person.n.01'), Synset('people.n.01'), Synset('group.n.01'), Synset('abstraction.n.06'), Synset('attribute.n.02'), Synset('state.n.02')]	6
person	conflict	['holonym', 'hypernym', 'hypernym', 'hypernym', 'hyponym', 'hyponym', 'hypernym']	[Synset('person.n.01'), Synset('people.n.01'), Synset('group.n.01'), Synset('abstraction.n.06'), Synset('psychological_feature.n.01'), Synset('event.n.01'), Synset('group_action.n.01'), Synset('conflict.n.01')]	7
leader	governor	['hypernym', 'hypernym']	[Synset('leader.n.01'), Synset('politician.n.01'), Synset('governor.n.01')]	2
person	state	['holonym', 'hypernym', 'hypernym', 'hyponym', 'hypernym']	[Synset('person.n.01'), Synset('people.n.01'), Synset('group.n.01'), Synset('abstraction.n.06'), Synset('attribute.n.02'), Synset('state.n.02')]	5
person	new	[]	None	-1
person	politics	[]	None	-1
person	agnew	[]	None	None
person	hindrance	['hypernym', 'hypernym', 'hypernym', 'hyponym', 'hypernym', 'hypernym', 'hyponym']	[Synset('person.n.01'), Synset('organism.n.01'), Synset('living_thing.n.01'), Synset('whole.n.02'), Synset('artifact.n.01'), Synset('structure.n.01'), Synset('obstruction.n.01'), Synset('hindrance.n.02')]	7
leader	theodore	[]	None	None
leader	middle	['hypernym', 'hypernym', 'hypernym', 'hypernym', 'hyponym', 'hyponym', 'hypernym', 'hypernym']	[Synset('leader.n.01'), Synset('person.n.01'), Synset('causal_agent.n.01'), Synset('physical_entity.n.01'), Synset('thing.n.12'), Synset('part.n.03'), Synset('body_part.n.01'), Synset('area.n.03'), Synset('middle.n.03')]	8
leader	united	[]	None	-1
person	ethical_motive	['holonym', 'hypernym', 'hypernym', 'hypernym', 'hyponym', 'hyponym']	[Synset('person.n.01'), Synset('people.n.01'), Synset('group.n.01'), Synset('abstraction.n.06'), Synset('psychological_feature.n.01'), Synset('motivation.n.01'), Synset('ethical_motive.n.01')]	6
person	theodore	[]	None	None
leader	assaults	[]	None	-1
person	agency	['holonym', 'hypernym', 'hypernym', 'hypernym', 'hypernym', 'hyponym', 'hyponym']	[Synset('person.n.01'), Synset('people.n.01'), Synset('group.n.01'), Synset('social_group.n.01'), Synset('organization.n.01'), Synset('unit.n.03'), Synset('administrative_unit.n.01'), Synset('agency.n.01')]	7
leader	ethical_motive	['hypernym', 'holonym', 'hypernym', 'hypernym', 'hypernym', 'hyponym', 'hyponym']	[Synset('leader.n.01'), Synset('person.n.01'), Synset('people.n.01'), Synset('group.n.01'), Synset('abstraction.n.06'), Synset('psychological_feature.n.01'), Synset('motivation.n.01'), Synset('ethical_motive.n.01')]	7
person	newark	[]	None	-1
person	jersey	['hypernym', 'hypernym', 'hypernym', 'hyponym', 'hypernym', 'hypernym', 'hypernym', 'hypernym', 'hyponym']	[Synset('person.n.01'), Synset('organism.n.01'), Synset('living_thing.n.01'), Synset('whole.n.02'), Synset('artifact.n.01'), Synset('covering.n.02'), Synset('clothing.n.01'), Synset('garment.n.01'), Synset('shirt.n.01'), Synset('jersey.n.03')]	9
drawing_card	news	['hypernym', 'hypernym', 'holonym', 'hypernym', 'hypernym', 'hyponym', 'hypernym', 'hypernym', 'hypernym']	[Synset('drawing_card.n.01'), Synset('entertainer.n.01'), Synset('person.n.01'), Synset('people.n.01'), Synset('group.n.01'), Synset('abstraction.n.06'), Synset('communication.n.02'), Synset('message.n.02'), Synset('information.n.01'), Synset('news.n.01')]	9
person	east	['hypernym', 'hypernym', 'hyponym', 'hypernym', 'hyponym']	[Synset('person.n.01'), Synset('causal_agent.n.01'), Synset('physical_entity.n.01'), Synset('object.n.01'), Synset('location.n.01'), Synset('east.n.05')]	5
drawing_card	governor	['hypernym', 'hypernym', 'hypernym', 'hypernym', 'hypernym']	[Synset('drawing_card.n.01'), Synset('entertainer.n.01'), Synset('person.n.01'), Synset('leader.n.01'), Synset('politician.n.01'), Synset('governor.n.01')]	5
drawing_card	middle	['hypernym', 'hypernym', 'hypernym', 'hypernym', 'hypernym', 'hyponym', 'hyponym', 'hypernym', 'hypernym']	[Synset('drawing_card.n.01'), Synset('entertainer.n.01'), Synset('person.n.01'), Synset('causal_agent.n.01'), Synset('physical_entity.n.01'), Synset('thing.n.12'), Synset('part.n.03'), Synset('body_part.n.01'), Synset('area.n.03'), Synset('middle.n.03')]	9
leader	hindrance	['hypernym', 'holonym', 'hypernym', 'hypernym', 'hypernym', 'hyponym', 'hyponym', 'hypernym']	[Synset('leader.n.01'), Synset('person.n.01'), Synset('people.n.01'), Synset('group.n.01'), Synset('abstraction.n.06'), Synset('psychological_feature.n.01'), Synset('event.n.01'), Synset('act.n.02'), Synset('hindrance.n.03')]	8
leader	election	['hypernym', 'holonym', 'hypernym', 'hypernym', 'hypernym', 'hyponym', 'hyponym', 'hypernym', 'hypernym']	[Synset('leader.n.01'), Synset('person.n.01'), Synset('people.n.01'), Synset('group.n.01'), Synset('abstraction.n.06'), Synset('psychological_feature.n.01'), Synset('event.n.01'), Synset('group_action.n.01'), Synset('vote.n.02'), Synset('election.n.01')]	9
drawing_card	spiro	[]	None	None
leader	politics	['hypernym', 'holonym', 'hypernym', 'hypernym', 'hypernym', 'hypernym', 'hyponym', 'hyponym', 'hypernym', 'hypernym']	[Synset('leader.n.01'), Synset('person.n.01'), Synset('people.n.01'), Synset('group.n.01'), Synset('abstraction.n.06'), Synset('psychological_feature.n.01'), Synset('cognition.n.01'), Synset('content.n.05'), Synset('belief.n.01'), Synset('opinion.n.01'), Synset('politics.n.04')]	10
leader	agnew	[]	None	None
drawing_card	ethical_motive	['hypernym', 'hypernym', 'holonym', 'hypernym', 'hypernym', 'hypernym', 'hyponym', 'hyponym']	[Synset('drawing_card.n.01'), Synset('entertainer.n.01'), Synset('person.n.01'), Synset('people.n.01'), Synset('group.n.01'), Synset('abstraction.n.06'), Synset('psychological_feature.n.01'), Synset('motivation.n.01'), Synset('ethical_motive.n.01')]	8
person	reporter	['hypernym', 'hypernym']	[Synset('person.n.01'), Synset('communicator.n.01'), Synset('reporter.n.01')]	2
drawing_card	united	[]	None	-1
person	medium	['hypernym', 'hypernym', 'hypernym', 'hyponym', 'hypernym', 'hypernym']	[Synset('person.n.01'), Synset('organism.n.01'), Synset('living_thing.n.01'), Synset('whole.n.02'), Synset('artifact.n.01'), Synset('instrumentality.n.03'), Synset('medium.n.01')]	6
person	israeliarab	[]	None	None
person	government	['holonym', 'hypernym', 'hypernym', 'hypernym', 'hypernym', 'hypernym']	[Synset('person.n.01'), Synset('people.n.01'), Synset('group.n.01'), Synset('social_group.n.01'), Synset('organization.n.01'), Synset('polity.n.02'), Synset('government.n.01')]	6
leader	nj	[]	None	-1
leader	reporter	['hypernym', 'hypernym', 'hypernym']	[Synset('leader.n.01'), Synset('person.n.01'), Synset('communicator.n.01'), Synset('reporter.n.01')]	3
drawing_card	assaults	[]	None	-1
drawing_card	newark	[]	None	-1
drawing_card	hindrance	['hypernym', 'hypernym', 'holonym', 'hypernym', 'hypernym', 'hypernym', 'hyponym', 'hyponym', 'hypernym']	[Synset('drawing_card.n.01'), Synset('entertainer.n.01'), Synset('person.n.01'), Synset('people.n.01'), Synset('group.n.01'), Synset('abstraction.n.06'), Synset('psychological_feature.n.01'), Synset('event.n.01'), Synset('act.n.02'), Synset('hindrance.n.03')]	9
drawing_card	jersey	['hypernym', 'hypernym', 'hypernym', 'hypernym', 'hypernym', 'hyponym', 'hypernym', 'hypernym', 'hypernym', 'hypernym', 'hyponym']	[Synset('drawing_card.n.01'), Synset('entertainer.n.01'), Synset('person.n.01'), Synset('organism.n.01'), Synset('living_thing.n.01'), Synset('whole.n.02'), Synset('artifact.n.01'), Synset('covering.n.02'), Synset('clothing.n.01'), Synset('garment.n.01'), Synset('shirt.n.01'), Synset('jersey.n.03')]	11
leader	conflict	['hypernym', 'holonym', 'hypernym', 'hypernym', 'hypernym', 'hyponym', 'hyponym', 'hypernym']	[Synset('leader.n.01'), Synset('person.n.01'), Synset('people.n.01'), Synset('group.n.01'), Synset('abstraction.n.06'), Synset('psychological_feature.n.01'), Synset('event.n.01'), Synset('group_action.n.01'), Synset('conflict.n.01')]	8
leader	medium	['hypernym', 'hypernym', 'hypernym', 'hypernym', 'hyponym', 'hypernym', 'hypernym']	[Synset('leader.n.01'), Synset('person.n.01'), Synset('organism.n.01'), Synset('living_thing.n.01'), Synset('whole.n.02'), Synset('artifact.n.01'), Synset('instrumentality.n.03'), Synset('medium.n.01')]	7
drawing_card	politics	['hypernym', 'hypernym', 'holonym', 'hypernym', 'hypernym', 'hypernym', 'hypernym', 'hyponym', 'hyponym', 'hypernym', 'hypernym']	[Synset('drawing_card.n.01'), Synset('entertainer.n.01'), Synset('person.n.01'), Synset('people.n.01'), Synset('group.n.01'), Synset('abstraction.n.06'), Synset('psychological_feature.n.01'), Synset('cognition.n.01'), Synset('content.n.05'), Synset('belief.n.01'), Synset('opinion.n.01'), Synset('politics.n.04')]	11
drawing_card	agnew	[]	None	None
leader	news	['hypernym', 'holonym', 'hypernym', 'hypernym', 'hyponym', 'hypernym', 'hypernym', 'hypernym']	[Synset('leader.n.01'), Synset('person.n.01'), Synset('people.n.01'), Synset('group.n.01'), Synset('abstraction.n.06'), Synset('communication.n.02'), Synset('message.n.02'), Synset('information.n.01'), Synset('news.n.01')]	8
leader	israeliarab	[]	None	None
leader	spiro	[]	None	None
drawing_card	election	['hypernym', 'hypernym', 'holonym', 'hypernym', 'hypernym', 'hypernym', 'hyponym', 'hyponym', 'hypernym', 'hypernym']	[Synset('drawing_card.n.01'), Synset('entertainer.n.01'), Synset('person.n.01'), Synset('people.n.01'), Synset('group.n.01'), Synset('abstraction.n.06'), Synset('psychological_feature.n.01'), Synset('event.n.01'), Synset('group_action.n.01'), Synset('vote.n.02'), Synset('election.n.01')]	10
leader	east	['hypernym', 'hypernym', 'hypernym', 'hyponym', 'hypernym', 'hyponym']	[Synset('leader.n.01'), Synset('person.n.01'), Synset('causal_agent.n.01'), Synset('physical_entity.n.01'), Synset('object.n.01'), Synset('location.n.01'), Synset('east.n.05')]	6

person	afonso	[]	None	None
social_group	war	[]	None	-1
person	dean	[]	None	-1
social_group	nikita	[]	None	None
person	1	[]	None	-1
abstraction	mutual	[]	None	-1
abstraction	big	[]	None	-1
abstraction	ussr	[]	None	-1
abstraction	dean	['hyponym', 'hyponym', 'hypernym', 'hyponym', 'hypernym', 'hypernym', 'hypernym', 'hypernym', 'holonym', 'hypernym', 'hypernym', 'hypernym', 'hypernym', 'hypernym']	[Synset('abstraction.n.01'), Synset('concept.n.01'), Synset('idea.n.01'), Synset('content.n.05'), Synset('cognition.n.01'), Synset('psychological_feature.n.01'), Synset('abstraction.n.06'), Synset('group.n.01'), Synset('people.n.01'), Synset('person.n.01'), Synset('leader.n.01'), Synset('head.n.04'), Synset('administrator.n.01'), Synset('academic_administrator.n.01'), Synset('dean.n.01')]	14
social_group	arinos	[]	None	None
person	mutual	[]	None	-1
person	ussr	[]	None	-1
person	kir	[]	None	None
abstraction	1st	[]	None	-1
social_group	government	['hypernym', 'hypernym', 'hypernym']	[Synset('social_group.n.01'), Synset('organization.n.01'), Synset('polity.n.02'), Synset('government.n.01')]	3
abstraction	reappraisal	['hyponym', 'hyponym', 'hypernym', 'hyponym', 'hypernym', 'hypernym', 'hyponym', 'hyponym', 'hyponym']	[Synset('abstraction.n.01'), Synset('concept.n.01'), Synset('idea.n.01'), Synset('content.n.05'), Synset('cognition.n.01'), Synset('process.n.02'), Synset('basic_cognitive_process.n.01'), Synset('classification.n.03'), Synset('appraisal.n.01'), Synset('reappraisal.n.01')]	9
person	league	['holonym', 'hypernym', 'hypernym', 'hypernym', 'hypernym', 'hypernym']	[Synset('person.n.01'), Synset('people.n.01'), Synset('group.n.01'), Synset('social_group.n.01'), Synset('organization.n.01'), Synset('association.n.01'), Synset('league.n.01')]	6
social_group	western	[]	None	-1
abstraction	kir	[]	None	None
abstraction	american	[]	None	-1
person	socialist	[]	None	-1
social_group	socialist	[]	None	-1
social_group	soviet	[]	None	-1
person	nitrogen	['holonym', 'hypernym', 'hypernym', 'hyponym', 'hypernym', 'hypernym']	[Synset('person.n.01'), Synset('people.n.01'), Synset('group.n.01'), Synset('halogen.n.01'), Synset('chlorine.n.01'), Synset('gas.n.02'), Synset('nitrogen.n.01')]	6
person	state	['holonym', 'hypernym', 'hypernym', 'hypernym', 'holonym', 'hypernym']	[Synset('person.n.01'), Synset('people.n.01'), Synset('group.n.01'), Synset('social_group.n.01'), Synset('political_system.n.01'), Synset('political_unit.n.01'), Synset('state.n.04')]	6
person	festival	['holonym', 'hypernym', 'hypernym', 'hypernym', 'hyponym', 'hyponym', 'hypernym', 'hypernym', 'hyponym', 'hyponym']	[Synset('person.n.01'), Synset('people.n.01'), Synset('group.n.01'), Synset('abstraction.n.06'), Synset('psychological_feature.n.01'), Synset('event.n.01'), Synset('act.n.02'), Synset('activity.n.01'), Synset('diversion.n.01'), Synset('celebration.n.02'), Synset('festival.n.02')]	10
social_group	hemisphere	[]	None	-1
social_group	sarin	['hypernym', 'hypernym', 'hyponym', 'hypernym', 'hypernym', 'hyponym', 'hyponym', 'hyponym']	[Synset('social_group.n.01'), Synset('group.n.01'), Synset('halogen.n.01'), Synset('chlorine.n.01'), Synset('gas.n.02'), Synset('poison_gas.n.01'), Synset('nerve_gas.n.01'), Synset('organophosphate_nerve_agent.n.01'), Synset('sarin.n.01')]	8
abstraction	commerce	['hyponym', 'hyponym', 'hypernym', 'hyponym', 'hypernym', 'hyponym', 'hyponym', 'hypernym', 'hyponym']	[Synset('abstraction.n.01'), Synset('concept.n.01'), Synset('idea.n.01'), Synset('content.n.05'), Synset('cognition.n.01'), Synset('psychological_feature.n.01'), Synset('event.n.01'), Synset('group_action.n.01'), Synset('transaction.n.01'), Synset('commerce.n.01')]	9
person	possession	['holonym', 'hypernym', 'hypernym', 'hypernym', 'hypernym']	[Synset('person.n.01'), Synset('people.n.01'), Synset('group.n.01'), Synset('abstraction.n.06'), Synset('relation.n.01'), Synset('possession.n.02')]	5
abstraction	soviet	['hyponym', 'hyponym', 'hypernym', 'hyponym', 'hypernym', 'hypernym', 'hypernym', 'hypernym', 'hypernym', 'hypernym', 'hyponym', 'hyponym', 'hypernym']	[Synset('abstraction.n.01'), Synset('concept.n.01'), Synset('idea.n.01'), Synset('content.n.05'), Synset('cognition.n.01'), Synset('psychological_feature.n.01'), Synset('abstraction.n.06'), Synset('group.n.01'), Synset('social_group.n.01'), Synset('organization.n.01'), Synset('unit.n.03'), Synset('administrative_unit.n.01'), Synset('council.n.01'), Synset('soviet.n.01')]	13
social_group	intergovernment	[]	None	None
person	commerce	['holonym', 'hypernym', 'hypernym', 'hypernym', 'hyponym', 'hyponym', 'hypernym', 'hyponym']	[Synset('person.n.01'), Synset('people.n.01'), Synset('group.n.01'), Synset('abstraction.n.06'), Synset('psychological_feature.n.01'), Synset('event.n.01'), Synset('group_action.n.01'), Synset('transaction.n.01'), Synset('commerce.n.01')]	8
person	government	['holonym', 'hypernym', 'hypernym', 'hypernym', 'hypernym', 'hypernym']	[Synset('person.n.01'), Synset('people.n.01'), Synset('group.n.01'), Synset('social_group.n.01'), Synset('organization.n.01'), Synset('polity.n.02'), Synset('government.n.01')]	6
abstraction	intergovernment	[]	None	None
abstraction	security	['hyponym', 'hyponym', 'hypernym', 'hyponym', 'hypernym', 'hypernym', 'hyponym', 'hyponym', 'hyponym', 'hyponym', 'hypernym']	[Synset('abstraction.n.01'), Synset('concept.n.01'), Synset('idea.n.01'), Synset('content.n.05'), Synset('cognition.n.01'), Synset('psychological_feature.n.01'), Synset('abstraction.n.06'), Synset('communication.n.02'), Synset('document.n.03'), Synset('debt_instrument.n.01'), Synset('bond.n.02'), Synset('security.n.04')]	11
abstraction	democracy	['hyponym', 'hyponym', 'hypernym', 'hyponym', 'hypernym', 'hypernym', 'hypernym', 'hypernym', 'hypernym', 'hyponym']	[Synset('abstraction.n.01'), Synset('concept.n.01'), Synset('idea.n.01'), Synset('content.n.05'), Synset('cognition.n.01'), Synset('psychological_feature.n.01'), Synset('abstraction.n.06'), Synset('group.n.01'), Synset('social_group.n.01'), Synset('political_system.n.01'), Synset('democracy.n.02')]	10
person	cuba	[]	None	-1
person	travel	['holonym', 'hypernym', 'hypernym', 'hypernym', 'hyponym', 'hyponym', 'hyponym', 'hypernym', 'hypernym', 'hypernym']	[Synset('person.n.01'), Synset('people.n.01'), Synset('group.n.01'), Synset('abstraction.n.06'), Synset('psychological_feature.n.01'), Synset('event.n.01'), Synset('act.n.02'), Synset('action.n.01'), Synset('change.n.03'), Synset('motion.n.06'), Synset('travel.n.01')]	10
abstraction	sarin	['hyponym', 'hyponym', 'hypernym', 'hyponym', 'hypernym', 'hypernym', 'hypernym', 'hypernym', 'hypernym', 'hyponym', 'hypernym', 'hyponym', 'hyponym']	[Synset('abstraction.n.01'), Synset('concept.n.01'), Synset('idea.n.01'), Synset('content.n.05'), Synset('cognition.n.01'), Synset('psychological_feature.n.01'), Synset('abstraction.n.06'), Synset('entity.n.01'), Synset('physical_entity.n.01'), Synset('causal_agent.n.01'), Synset('agent.n.03'), Synset('nerve_gas.n.01'), Synset('organophosphate_nerve_agent.n.01'), Synset('sarin.n.01')]	13
person	de	[]	None	-1
social_group	de	[]	None	-1
person	franco	[]	None	-1
abstraction	government	['hyponym', 'hyponym', 'hypernym', 'hyponym', 'hypernym', 'hypernym', 'hypernym', 'hypernym', 'hypernym', 'hypernym', 'hypernym']	[Synset('abstraction.n.01'), Synset('concept.n.01'), Synset('idea.n.01'), Synset('content.n.05'), Synset('cognition.n.01'), Synset('psychological_feature.n.01'), Synset('abstraction.n.06'), Synset('group.n.01'), Synset('social_group.n.01'), Synset('organization.n.01'), Synset('polity.n.02'), Synset('government.n.01')]	11
abstraction	arinos	[]	None	None
person	sarin	['hypernym', 'hyponym', 'hypernym', 'hyponym', 'hyponym']	[Synset('person.n.01'), Synset('causal_agent.n.01'), Synset('agent.n.03'), Synset('nerve_gas.n.01'), Synset('organophosphate_nerve_agent.n.01'), Synset('sarin.n.01')]	5
abstraction	United_States	['hyponym', 'hyponym', 'hypernym', 'hyponym', 'hypernym', 'hypernym', 'hypernym', 'hypernym', 'holonym', 'hypernym', 'hypernym', 'holonym']	[Synset('abstraction.n.01'), Synset('concept.n.01'), Synset('idea.n.01'), Synset('content.n.05'), Synset('cognition.n.01'), Synset('psychological_feature.n.01'), Synset('abstraction.n.06'), Synset('group.n.01'), Synset('people.n.01'), Synset('person.n.01'), Synset('inhabitant.n.01'), Synset('american.n.01'), Synset('united_states.n.01')]	12
abstraction	de	[]	None	-1
abstraction	franco	[]	None	-1
social_group	mutual	[]	None	-1
abstraction	picture	['hyponym', 'hyponym', 'hypernym', 'hyponym', 'hypernym', 'hypernym', 'hypernym', 'hyponym', 'hyponym']	[Synset('abstraction.n.01'), Synset('concept.n.01'), Synset('idea.n.01'), Synset('content.n.05'), Synset('cognition.n.01'), Synset('process.n.02'), Synset('basic_cognitive_process.n.01'), Synset('representational_process.n.01'), Synset('typification.n.01'), Synset('picture.n.09')]	9
abstraction	nikita	[]	None	None
person	United_States	['hypernym', 'hypernym', 'holonym']	[Synset('person.n.01'), Synset('inhabitant.n.01'), Synset('american.n.01'), Synset('united_states.n.01')]	3
abstraction	khrushchev	[]	None	-1
person	hemisphere	['holonym', 'hypernym', 'hypernym', 'hyponym', 'hypernym', 'hypernym', 'hypernym', 'hypernym']	[Synset('person.n.01'), Synset('people.n.01'), Synset('group.n.01'), Synset('abstraction.n.06'), Synset('attribute.n.02'), Synset('shape.n.02'), Synset('figure.n.06'), Synset('subfigure.n.01'), Synset('hemisphere.n.02')]	8
social_group	travel	['hypernym', 'hypernym', 'hypernym', 'hyponym', 'hyponym', 'hyponym', 'hypernym', 'hypernym', 'hypernym']	[Synset('social_group.n.01'), Synset('group.n.01'), Synset('abstraction.n.06'), Synset('psychological_feature.n.01'), Synset('event.n.01'), Synset('act.n.02'), Synset('action.n.01'), Synset('change.n.03'), Synset('motion.n.06'), Synset('travel.n.01')]	9
person	Western	['hypernym', 'hypernym', 'hypernym', 'hyponym', 'hypernym', 'hypernym', 'hyponym', 'hyponym', 'hyponym', 'hyponym', 'hypernym', 'hypernym', 'hypernym', 'hyponym', 'hyponym']	[Synset('person.n.01'), Synset('organism.n.01'), Synset('living_thing.n.01'), Synset('whole.n.02'), Synset('artifact.n.01'), Synset('instrumentality.n.03'), Synset('medium.n.01'), Synset('print_media.n.01'), Synset('press.n.02'), Synset('magazine.n.01'), Synset('publication.n.01'), Synset('work.n.02'), Synset('product.n.02'), Synset('movie.n.01'), Synset('feature.n.03'), Synset('western.n.01')]	15
person	picture	['holonym', 'hypernym', 'hypernym', 'hyponym', 'hypernym', 'hypernym', 'hypernym']	[Synset('person.n.01'), Synset('people.n.01'), Synset('group.n.01'), Synset('abstraction.n.06'), Synset('attribute.n.02'), Synset('state.n.02'), Synset('situation.n.01'), Synset('picture.n.04')]	7
social_group	commerce	['hypernym', 'hypernym', 'hypernym', 'hyponym', 'hyponym', 'hypernym', 'hyponym']	[Synset('social_group.n.01'), Synset('group.n.01'), Synset('abstraction.n.06'), Synset('psychological_feature.n.01'), Synset('event.n.01'), Synset('group_action.n.01'), Synset('transaction.n.01'), Synset('commerce.n.01')]	7
social_group	franco	[]	None	-1
abstraction	hemisphere	['hyponym', 'hyponym', 'hypernym', 'hyponym', 'hypernym', 'hypernym', 'hyponym', 'hypernym', 'hypernym', 'hypernym', 'hypernym']	[Synset('abstraction.n.01'), Synset('concept.n.01'), Synset('idea.n.01'), Synset('content.n.05'), Synset('cognition.n.01'), Synset('psychological_feature.n.01'), Synset('abstraction.n.06'), Synset('attribute.n.02'), Synset('shape.n.02'), Synset('figure.n.06'), Synset('subfigure.n.01'), Synset('hemisphere.n.02')]	11
person	politics	['holonym', 'hypernym', 'hypernym', 'hypernym', 'hypernym', 'hyponym', 'hyponym', 'hypernym', 'hypernym']	[Synset('person.n.01'), Synset('people.n.01'), Synset('group.n.01'), Synset('abstraction.n.06'), Synset('psychological_feature.n.01'), Synset('cognition.n.01'), Synset('content.n.05'), Synset('belief.n.01'), Synset('opinion.n.01'), Synset('politics.n.04')]	9
abstraction	datum	['hyponym', 'hyponym', 'hypernym', 'hyponym', 'hypernym', 'hyponym']	[Synset('abstraction.n.01'), Synset('concept.n.01'), Synset('idea.n.01'), Synset('content.n.05'), Synset('cognition.n.01'), Synset('information.n.02'), Synset('datum.n.01')]	6
abstraction	melo	[]	None	None
social_group	Cuba	['hypernym', 'hyponym', 'hypernym', 'hypernym', 'holonym', 'holonym', 'holonym']	[Synset('social_group.n.01'), Synset('organization.n.01'), Synset('alliance.n.03'), Synset('world_organization.n.01'), Synset('north_atlantic_treaty_organization.n.01'), Synset('united_states.n.01'), Synset('organization_of_american_states.n.01'), Synset('cuba.n.01')]	7
abstraction	specific	[]	None	-1
social_group	motion	['hypernym', 'hypernym', 'hypernym', 'hyponym', 'hyponym', 'hyponym', 'hypernym', 'hypernym']	[Synset('social_group.n.01'), Synset('group.n.01'), Synset('abstraction.n.06'), Synset('psychological_feature.n.01'), Synset('event.n.01'), Synset('act.n.02'), Synset('action.n.01'), Synset('change.n.03'), Synset('motion.n.06')]	8
person	war	['holonym', 'hypernym', 'hypernym', 'hypernym', 'hyponym', 'hyponym', 'hypernym', 'hypernym']	[Synset('person.n.01'), Synset('people.n.01'), Synset('group.n.01'), Synset('abstraction.n.06'), Synset('psychological_feature.n.01'), Synset('event.n.01'), Synset('group_action.n.01'), Synset('military_action.n.01'), Synset('war.n.01')]	8
abstraction	cold	['hyponym', 'hyponym', 'hypernym', 'hyponym', 'hypernym', 'hypernym', 'hypernym', 'hypernym', 'hypernym', 'hyponym', 'hyponym', 'hypernym', 'hypernym']	[Synset('abstraction.n.01'), Synset('concept.n.01'), Synset('idea.n.01'), Synset('content.n.05'), Synset('cognition.n.01'), Synset('information.n.02'), Synset('evidence.n.01'), Synset('symptom.n.01'), Synset('exophthalmos.n.01'), Synset('graves'_disease.n.01'), Synset('autoimmune_disease.n.01'), Synset('disease.n.01'), Synset('respiratory_disease.n.01'), Synset('cold.n.01')]	13
abstraction	International	['hyponym', 'hyponym', 'hypernym', 'hyponym', 'hypernym', 'hypernym', 'hypernym', 'hypernym', 'hyponym', 'hyponym', 'hyponym', 'hyponym', 'hyponym']	[Synset('abstraction.n.01'), Synset('concept.n.01'), Synset('idea.n.01'), Synset('content.n.05'), Synset('cognition.n.01'), Synset('psychological_feature.n.01'), Synset('abstraction.n.06'), Synset('group.n.01'), Synset('system.n.02'), Synset('economy.n.01'), Synset('non-market_economy.n.01'), Synset('managed_economy.n.01'), Synset('socialism.n.02'), Synset('international.n.01')]	13
abstraction	vacations	[]	None	-1
social_group	1	[]	None	-1
social_group	possession	['hypernym', 'hypernym', 'hypernym', 'hypernym']	[Synset('social_group.n.01'), Synset('group.n.01'), Synset('abstraction.n.06'), Synset('relation.n.01'), Synset('possession.n.02')]	4
abstraction	war	['hyponym', 'hyponym', 'hypernym', 'hyponym', 'hypernym', 'hyponym', 'hyponym', 'hypernym', 'hypernym']	[Synset('abstraction.n.01'), Synset('concept.n.01'), Synset('idea.n.01'), Synset('content.n.05'), Synset('cognition.n.01'), Synset('psychological_feature.n.01'), Synset('event.n.01'), Synset('group_action.n.01'), Synset('military_action.n.01'), Synset('war.n.01')]	9
person	cold	['hypernym', 'hypernym', 'hyponym', 'hyponym', 'hyponym', 'hypernym', 'hypernym', 'hypernym', 'hypernym']	[Synset('person.n.01'), Synset('causal_agent.n.01'), Synset('physical_entity.n.01'), Synset('process.n.06'), Synset('degeneration.n.01'), Synset('macular_degeneration.n.01'), Synset('eye_disease.n.01'), Synset('disease.n.01'), Synset('respiratory_disease.n.01'), Synset('cold.n.01')]	9
social_group	International	['hypernym', 'hypernym', 'hyponym', 'hyponym', 'hyponym', 'hyponym', 'hyponym']	[Synset('social_group.n.01'), Synset('group.n.01'), Synset('system.n.02'), Synset('economy.n.01'), Synset('non-market_economy.n.01'), Synset('managed_economy.n.01'), Synset('socialism.n.02'), Synset('international.n.01')]	7
social_group	specific	[]	None	-1
person	vacations	[]	None	-1
abstraction	gesture	['hyponym', 'hyponym', 'hypernym', 'hyponym', 'hypernym', 'hypernym', 'hyponym', 'hypernym', 'hypernym']	[Synset('abstraction.n.01'), Synset('concept.n.01'), Synset('idea.n.01'), Synset('content.n.05'), Synset('cognition.n.01'), Synset('psychological_feature.n.01'), Synset('abstraction.n.06'), Synset('communication.n.02'), Synset('visual_communication.n.01'), Synset('gesture.n.02')]	9
social_group	france	[]	None	-1
person	france	[]	None	-1
social_group	felix	[]	None	None
social_group	relation	['hypernym', 'hypernym', 'hypernym']	[Synset('social_group.n.01'), Synset('group.n.01'), Synset('abstraction.n.06'), Synset('relation.n.01')]	3
abstraction	felix	[]	None	None
social_group	United_States	['hypernym', 'hyponym', 'hypernym', 'hypernym', 'holonym']	[Synset('social_group.n.01'), Synset('organization.n.01'), Synset('alliance.n.03'), Synset('world_organization.n.01'), Synset('north_atlantic_treaty_organization.n.01'), Synset('united_states.n.01')]	5
abstraction	state	['hyponym', 'hyponym', 'hypernym', 'hyponym', 'hypernym', 'hypernym', 'hypernym', 'hypernym', 'hypernym', 'holonym', 'hypernym']	[Synset('abstraction.n.01'), Synset('concept.n.01'), Synset('idea.n.01'), Synset('content.n.05'), Synset('cognition.n.01'), Synset('psychological_feature.n.01'), Synset('abstraction.n.06'), Synset('group.n.01'), Synset('social_group.n.01'), Synset('political_system.n.01'), Synset('political_unit.n.01'), Synset('state.n.04')]	11
abstraction	festival	['hyponym', 'hyponym', 'hypernym', 'hypernym', 'hypernym', 'hypernym', 'hypernym', 'hyponym', 'hypernym', 'hyponym', 'hyponym']	[Synset('abstraction.n.01'), Synset('concept.n.01'), Synset('idea.n.01'), Synset('content.n.05'), Synset('knowledge_domain.n.01'), Synset('discipline.n.01'), Synset('humanistic_discipline.n.01'), Synset('performing_arts.n.01'), Synset('dancing.n.01'), Synset('diversion.n.01'), Synset('celebration.n.02'), Synset('festival.n.02')]	11
abstraction	union	[]	None	-1
abstraction	possession	['hyponym', 'hyponym', 'hypernym', 'hyponym', 'hypernym', 'hypernym', 'hypernym', 'hypernym']	[Synset('abstraction.n.01'), Synset('concept.n.01'), Synset('idea.n.01'), Synset('content.n.05'), Synset('cognition.n.01'), Synset('psychological_feature.n.01'), Synset('abstraction.n.06'), Synset('relation.n.01'), Synset('possession.n.02')]	8
abstraction	afonso	[]	None	None
abstraction	rusk	[]	None	-1
social_group	sergeyevich	[]	None	None
person	security	['holonym', 'hypernym', 'hypernym', 'hyponym', 'hypernym', 'hypernym', 'hypernym', 'hypernym']	[Synset('person.n.01'), Synset('people.n.01'), Synset('group.n.01'), Synset('abstraction.n.06'), Synset('attribute.n.02'), Synset('state.n.02'), Synset('feeling.n.01'), Synset('fearlessness.n.01'), Synset('security.n.03')]	8
person	democracy	['holonym', 'hypernym', 'hypernym', 'hypernym', 'hyponym']	[Synset('person.n.01'), Synset('people.n.01'), Synset('group.n.01'), Synset('social_group.n.01'), Synset('political_system.n.01'), Synset('democracy.n.02')]	5
social_group	state	['hypernym', 'holonym', 'hypernym']	[Synset('social_group.n.01'), Synset('political_system.n.01'), Synset('political_unit.n.01'), Synset('state.n.04')]	3
social_group	festival	['hypernym', 'hypernym', 'hypernym', 'hyponym', 'hyponym', 'hypernym', 'hypernym', 'hyponym', 'hyponym']	[Synset('social_group.n.01'), Synset('group.n.01'), Synset('abstraction.n.06'), Synset('psychological_feature.n.01'), Synset('event.n.01'), Synset('act.n.02'), Synset('activity.n.01'), Synset('diversion.n.01'), Synset('celebration.n.02'), Synset('festival.n.02')]	9
abstraction	Cuba	['hyponym', 'hyponym', 'hypernym', 'hyponym', 'hypernym', 'hypernym', 'hypernym', 'hypernym', 'holonym', 'hypernym', 'hypernym', 'holonym', 'holonym', 'holonym']	[Synset('abstraction.n.01'), Synset('concept.n.01'), Synset('idea.n.01'), Synset('content.n.05'), Synset('cognition.n.01'), Synset('psychological_feature.n.01'), Synset('abstraction.n.06'), Synset('group.n.01'), Synset('people.n.01'), Synset('person.n.01'), Synset('inhabitant.n.01'), Synset('american.n.01'), Synset('united_states.n.01'), Synset('organization_of_american_states.n.01'), Synset('cuba.n.01')]	14
person	rusk	[]	None	-1
abstraction	ability	['hyponym', 'hyponym', 'hypernym', 'hyponym', 'hyponym']	[Synset('abstraction.n.01'), Synset('concept.n.01'), Synset('idea.n.01'), Synset('content.n.05'), Synset('cognition.n.01'), Synset('ability.n.02')]	5
person	1st	[]	None	-1
abstraction	production	['hyponym', 'hyponym', 'hypernym', 'hyponym', 'hypernym', 'hypernym', 'hyponym', 'hyponym', 'hyponym', 'hyponym']	[Synset('abstraction.n.01'), Synset('concept.n.01'), Synset('idea.n.01'), Synset('content.n.05'), Synset('cognition.n.01'), Synset('psychological_feature.n.01'), Synset('abstraction.n.06'), Synset('communication.n.02'), Synset('display.n.05'), Synset('presentation.n.03'), Synset('production.n.02')]	10
person	reappraisal	['holonym', 'hypernym', 'hypernym', 'hypernym', 'hypernym', 'hypernym', 'hypernym', 'hyponym', 'hyponym', 'hyponym']	[Synset('person.n.01'), Synset('people.n.01'), Synset('group.n.01'), Synset('abstraction.n.06'), Synset('psychological_feature.n.01'), Synset('cognition.n.01'), Synset('process.n.02'), Synset('basic_cognitive_process.n.01'), Synset('classification.n.03'), Synset('appraisal.n.01'), Synset('reappraisal.n.01')]	10
abstraction	league	['hyponym', 'hyponym', 'hypernym', 'hyponym', 'hypernym', 'hypernym', 'hypernym', 'hypernym', 'hypernym', 'hypernym', 'hypernym']	[Synset('abstraction.n.01'), Synset('concept.n.01'), Synset('idea.n.01'), Synset('content.n.05'), Synset('cognition.n.01'), Synset('psychological_feature.n.01'), Synset('abstraction.n.06'), Synset('group.n.01'), Synset('social_group.n.01'), Synset('organization.n.01'), Synset('association.n.01'), Synset('league.n.01')]	11
person	power	['holonym', 'hypernym', 'hypernym', 'hyponym', 'hypernym', 'hypernym']	[Synset('person.n.01'), Synset('people.n.01'), Synset('group.n.01'), Synset('abstraction.n.06'), Synset('attribute.n.02'), Synset('quality.n.01'), Synset('power.n.01')]	6
abstraction	1	[]	None	-1
social_group	American	['hypernym', 'hypernym', 'holonym', 'hypernym', 'hypernym']	[Synset('social_group.n.01'), Synset('group.n.01'), Synset('people.n.01'), Synset('person.n.01'), Synset('inhabitant.n.01'), Synset('american.n.01')]	5
person	American	['hypernym', 'hypernym']	[Synset('person.n.01'), Synset('inhabitant.n.01'), Synset('american.n.01')]	2
abstraction	socialist	[]	None	-1
person	production	['holonym', 'hypernym', 'hypernym', 'hyponym', 'hyponym', 'hyponym', 'hyponym']	[Synset('person.n.01'), Synset('people.n.01'), Synset('group.n.01'), Synset('abstraction.n.06'), Synset('communication.n.02'), Synset('display.n.05'), Synset('presentation.n.03'), Synset('production.n.02')]	7
abstraction	par	[]	None	-1
social_group	picture	['hypernym', 'hypernym', 'hyponym', 'hypernym', 'hypernym', 'hypernym']	[Synset('social_group.n.01'), Synset('group.n.01'), Synset('abstraction.n.06'), Synset('attribute.n.02'), Synset('state.n.02'), Synset('situation.n.01'), Synset('picture.n.04')]	6
person	khrushchev	[]	None	-1
social_group	security	['hypernym', 'hypernym', 'hyponym', 'hypernym', 'hypernym', 'hypernym', 'hypernym']	[Synset('social_group.n.01'), Synset('group.n.01'), Synset('abstraction.n.06'), Synset('attribute.n.02'), Synset('state.n.02'), Synset('feeling.n.01'), Synset('fearlessness.n.01'), Synset('security.n.03')]	7
social_group	democracy	['hypernym', 'hyponym']	[Synset('social_group.n.01'), Synset('political_system.n.01'), Synset('democracy.n.02')]	2
social_group	politics	['hypernym', 'hypernym', 'hypernym', 'hypernym', 'hyponym', 'hyponym', 'hypernym', 'hypernym']	[Synset('social_group.n.01'), Synset('group.n.01'), Synset('abstraction.n.06'), Synset('psychological_feature.n.01'), Synset('cognition.n.01'), Synset('content.n.05'), Synset('belief.n.01'), Synset('opinion.n.01'), Synset('politics.n.04')]	8
abstraction	nitrogen	['hyponym', 'hyponym', 'hypernym', 'hyponym', 'hypernym', 'hypernym', 'hypernym', 'hypernym', 'hyponym', 'hypernym', 'hypernym']	[Synset('abstraction.n.01'), Synset('concept.n.01'), Synset('idea.n.01'), Synset('content.n.05'), Synset('cognition.n.01'), Synset('psychological_feature.n.01'), Synset('abstraction.n.06'), Synset('group.n.01'), Synset('halogen.n.01'), Synset('chlorine.n.01'), Synset('gas.n.02'), Synset('nitrogen.n.01')]	11
person	par	[]	None	-1
person	soviet	['holonym', 'hypernym', 'hypernym', 'hypernym', 'hypernym', 'hyponym', 'hyponym', 'hypernym']	[Synset('person.n.01'), Synset('people.n.01'), Synset('group.n.01'), Synset('social_group.n.01'), Synset('organization.n.01'), Synset('unit.n.03'), Synset('administrative_unit.n.01'), Synset('council.n.01'), Synset('soviet.n.01')]	8
person	relation	['holonym', 'hypernym', 'hypernym', 'hypernym']	[Synset('person.n.01'), Synset('people.n.01'), Synset('group.n.01'), Synset('abstraction.n.06'), Synset('relation.n.01')]	4
person	data	['holonym', 'hypernym', 'hypernym', 'hypernym']	[Synset('person.n.01'), Synset('people.n.01'), Synset('group.n.01'), Synset('collection.n.01'), Synset('data.n.01')]	4
person	melo	[]	None	None
social_group	data	['hypernym', 'hypernym', 'hypernym']	[Synset('social_group.n.01'), Synset('group.n.01'), Synset('collection.n.01'), Synset('data.n.01')]	3
social_group	nitrogen	['hypernym', 'hypernym', 'hyponym', 'hypernym', 'hypernym']	[Synset('social_group.n.01'), Synset('group.n.01'), Synset('halogen.n.01'), Synset('chlorine.n.01'), Synset('gas.n.02'), Synset('nitrogen.n.01')]	5
social_group	melo	[]	None	None
abstraction	politics	['hyponym', 'hyponym', 'hypernym', 'hyponym', 'hypernym', 'hypernym']	[Synset('abstraction.n.01'), Synset('concept.n.01'), Synset('idea.n.01'), Synset('content.n.05'), Synset('belief.n.01'), Synset('opinion.n.01'), Synset('politics.n.04')]	6
person	intergovernment	[]	None	None
abstraction	relation	['hyponym', 'hyponym', 'hypernym', 'hyponym', 'hypernym', 'hypernym', 'hypernym']	[Synset('abstraction.n.01'), Synset('concept.n.01'), Synset('idea.n.01'), Synset('content.n.05'), Synset('cognition.n.01'), Synset('psychological_feature.n.01'), Synset('abstraction.n.06'), Synset('relation.n.01')]	7
abstraction	travel	['hyponym', 'hyponym', 'hypernym', 'hypernym', 'hypernym', 'hypernym', 'hyponym', 'hypernym', 'hypernym', 'hypernym']	[Synset('abstraction.n.01'), Synset('concept.n.01'), Synset('idea.n.01'), Synset('generalization.n.02'), Synset('principle.n.01'), Synset('pillar.n.01'), Synset('pillar_of_islam.n.01'), Synset('hajj.n.01'), Synset('pilgrimage.n.01'), Synset('journey.n.01'), Synset('travel.n.01')]	10
person	International	['holonym', 'hypernym', 'hypernym', 'hyponym', 'hyponym', 'hyponym', 'hyponym', 'hyponym']	[Synset('person.n.01'), Synset('people.n.01'), Synset('group.n.01'), Synset('system.n.02'), Synset('economy.n.01'), Synset('non-market_economy.n.01'), Synset('managed_economy.n.01'), Synset('socialism.n.02'), Synset('international.n.01')]	8
social_group	cold	['hypernym', 'hypernym', 'hypernym', 'hypernym', 'hyponym', 'hyponym', 'hyponym', 'hypernym', 'hypernym', 'hypernym', 'hypernym']	[Synset('social_group.n.01'), Synset('group.n.01'), Synset('abstraction.n.06'), Synset('entity.n.01'), Synset('physical_entity.n.01'), Synset('process.n.06'), Synset('degeneration.n.01'), Synset('macular_degeneration.n.01'), Synset('eye_disease.n.01'), Synset('disease.n.01'), Synset('respiratory_disease.n.01'), Synset('cold.n.01')]	11
social_group	1st	[]	None	-1
social_group	khrushchev	[]	None	-1
social_group	kir	[]	None	None
social_group	production	['hypernym', 'hypernym', 'hyponym', 'hyponym', 'hyponym', 'hyponym']	[Synset('social_group.n.01'), Synset('group.n.01'), Synset('abstraction.n.06'), Synset('communication.n.02'), Synset('display.n.05'), Synset('presentation.n.03'), Synset('production.n.02')]	6
person	arinos	[]	None	None
social_group	power	['hypernym', 'hypernym', 'hyponym', 'hypernym', 'hypernym']	[Synset('social_group.n.01'), Synset('group.n.01'), Synset('abstraction.n.06'), Synset('attribute.n.02'), Synset('quality.n.01'), Synset('power.n.01')]	5
social_group	afonso	[]	None	None
person	gesture	['holonym', 'hypernym', 'hypernym', 'hyponym', 'hypernym', 'hypernym']	[Synset('person.n.01'), Synset('people.n.01'), Synset('group.n.01'), Synset('abstraction.n.06'), Synset('communication.n.02'), Synset('visual_communication.n.01'), Synset('gesture.n.02')]	6
person	sergeyevich	[]	None	None
social_group	union	['hypernym', 'hypernym']	[Synset('social_group.n.01'), Synset('organization.n.01'), Synset('union.n.01')]	2
abstraction	France	['hyponym', 'hyponym', 'hypernym', 'hyponym', 'hypernym', 'hypernym', 'hypernym', 'hypernym', 'hypernym', 'hyponym', 'hypernym', 'hyponym', 'holonym']	[Synset('abstraction.n.01'), Synset('concept.n.01'), Synset('idea.n.01'), Synset('content.n.05'), Synset('cognition.n.01'), Synset('psychological_feature.n.01'), Synset('abstraction.n.06'), Synset('group.n.01'), Synset('social_group.n.01'), Synset('organization.n.01'), Synset('alliance.n.03'), Synset('world_organization.n.01'), Synset('european_union.n.01'), Synset('france.n.01')]	13
person	nikita	[]	None	None
social_group	dean	['hypernym', 'hypernym', 'holonym', 'hypernym', 'hypernym', 'hypernym', 'hypernym', 'hypernym']	[Synset('social_group.n.01'), Synset('group.n.01'), Synset('people.n.01'), Synset('person.n.01'), Synset('leader.n.01'), Synset('head.n.04'), Synset('administrator.n.01'), Synset('academic_administrator.n.01'), Synset('dean.n.01')]	8
social_group	zwieback	['hypernym', 'hypernym', 'hypernym', 'hypernym', 'hyponym', 'hypernym', 'hyponym', 'hyponym', 'hyponym', 'hypernym', 'hypernym']	[Synset('social_group.n.01'), Synset('group.n.01'), Synset('abstraction.n.06'), Synset('entity.n.01'), Synset('physical_entity.n.01'), Synset('matter.n.03'), Synset('solid.n.01'), Synset('food.n.02'), Synset('baked_goods.n.01'), Synset('bread.n.01'), Synset('toast.n.01'), Synset('zwieback.n.01')]	11
abstraction	sergeyevich	[]	None	None
abstraction	Western	['hyponym', 'hyponym', 'hypernym', 'hyponym', 'hypernym', 'hypernym', 'hypernym', 'hyponym', 'hyponym', 'hypernym', 'hypernym', 'hypernym', 'hypernym', 'hyponym', 'hyponym', 'hyponym', 'hyponym', 'hypernym', 'hypernym', 'hypernym', 'hyponym', 'hyponym']	[Synset('abstraction.n.01'), Synset('concept.n.01'), Synset('idea.n.01'), Synset('content.n.05'), Synset('cognition.n.01'), Synset('psychological_feature.n.01'), Synset('abstraction.n.06'), Synset('group.n.01'), Synset('arrangement.n.02'), Synset('flower_arrangement.n.01'), Synset('decoration.n.01'), Synset('artifact.n.01'), Synset('instrumentality.n.03'), Synset('medium.n.01'), Synset('print_media.n.01'), Synset('press.n.02'), Synset('magazine.n.01'), Synset('publication.n.01'), Synset('work.n.02'), Synset('product.n.02'), Synset('movie.n.01'), Synset('feature.n.03'), Synset('western.n.01')]	22
social_group	vacations	[]	None	-1
social_group	reappraisal	['hypernym', 'hypernym', 'hypernym', 'hypernym', 'hypernym', 'hypernym', 'hyponym', 'hyponym', 'hyponym']	[Synset('social_group.n.01'), Synset('group.n.01'), Synset('abstraction.n.06'), Synset('psychological_feature.n.01'), Synset('cognition.n.01'), Synset('process.n.02'), Synset('basic_cognitive_process.n.01'), Synset('classification.n.03'), Synset('appraisal.n.01'), Synset('reappraisal.n.01')]	9
social_group	league	['hypernym', 'hypernym', 'hypernym']	[Synset('social_group.n.01'), Synset('organization.n.01'), Synset('association.n.01'), Synset('league.n.01')]	3
person	armament	['hypernym', 'hypernym', 'hypernym', 'hyponym', 'hypernym', 'hypernym', 'hyponym']	[Synset('person.n.01'), Synset('organism.n.01'), Synset('living_thing.n.01'), Synset('whole.n.02'), Synset('artifact.n.01'), Synset('instrumentality.n.03'), Synset('weaponry.n.01'), Synset('armament.n.01')]	7
person	felix	[]	None	None
social_group	armament	['hypernym', 'hyponym', 'hyponym', 'hypernym', 'hypernym', 'hypernym', 'hypernym', 'hyponym']	[Synset('social_group.n.01'), Synset('group.n.01'), Synset('arrangement.n.02'), Synset('flower_arrangement.n.01'), Synset('decoration.n.01'), Synset('artifact.n.01'), Synset('instrumentality.n.03'), Synset('weaponry.n.01'), Synset('armament.n.01')]	8
person	specific	[]	None	-1
social_group	ussr	[]	None	-1
person	big	[]	None	-1
abstraction	armament	['hyponym', 'hyponym', 'hypernym', 'hyponym', 'hypernym', 'hypernym', 'hypernym', 'hyponym', 'hyponym', 'hypernym', 'hypernym', 'hypernym', 'hypernym', 'hyponym']	[Synset('abstraction.n.01'), Synset('concept.n.01'), Synset('idea.n.01'), Synset('content.n.05'), Synset('cognition.n.01'), Synset('psychological_feature.n.01'), Synset('abstraction.n.06'), Synset('group.n.01'), Synset('arrangement.n.02'), Synset('flower_arrangement.n.01'), Synset('decoration.n.01'), Synset('artifact.n.01'), Synset('instrumentality.n.03'), Synset('weaponry.n.01'), Synset('armament.n.01')]	14
social_group	big	[]	None	-1
person	union	['holonym', 'hypernym', 'hypernym', 'hypernym', 'hypernym']	[Synset('person.n.01'), Synset('people.n.01'), Synset('group.n.01'), Synset('social_group.n.01'), Synset('organization.n.01'), Synset('union.n.01')]	5
social_group	par	[]	None	-1

social_group	peron	[]	None	-1
cognition	deaths	[]	None	-1
whole	lindsay	[]	None	-1
social_group	connally	[]	None	None
cognition	church	['hypernym', 'hypernym', 'hypernym', 'hypernym', 'hypernym', 'hypernym', 'hypernym', 'hypernym']	[Synset('cognition.n.01'), Synset('psychological_feature.n.01'), Synset('abstraction.n.06'), Synset('group.n.01'), Synset('social_group.n.01'), Synset('organization.n.01'), Synset('institution.n.01'), Synset('religion.n.02'), Synset('church.n.01')]	8
concept	Argentina	['hyponym', 'hypernym', 'hyponym', 'hypernym', 'hypernym', 'hypernym', 'hyponym', 'hypernym', 'hypernym', 'hypernym', 'hypernym']	[Synset('concept.n.01'), Synset('idea.n.01'), Synset('content.n.05'), Synset('cognition.n.01'), Synset('psychological_feature.n.01'), Synset('abstraction.n.06'), Synset('group.n.01'), Synset('biological_group.n.01'), Synset('taxonomic_group.n.01'), Synset('genus.n.02'), Synset('fish_genus.n.01'), Synset('argentina.n.02')]	11
abstraction	india	[]	None	-1
concept	connally	[]	None	None
abstraction	v	[]	None	-1
concept	j	[]	None	-1
psychological_feature	domingo	[]	None	-1
psychological_feature	eva	[]	None	None
entity	v	[]	None	-1
social_group	vanden	[]	None	None
concept	duarte	[]	None	None
whole	J	['hypernym', 'hyponym', 'hypernym', 'hyponym', 'hypernym', 'hypernym', 'hyponym', 'hypernym', 'hyponym', 'hyponym', 'hypernym', 'hypernym', 'hypernym', 'hypernym', 'holonym']	[Synset('whole.n.01'), Synset('concept.n.01'), Synset('idea.n.01'), Synset('content.n.05'), Synset('cognition.n.01'), Synset('psychological_feature.n.01'), Synset('abstraction.n.06'), Synset('communication.n.02'), Synset('message.n.02'), Synset('acknowledgment.n.03'), Synset('credits.n.01'), Synset('list.n.01'), Synset('character_set.n.01'), Synset('alphabet.n.01'), Synset('roman_alphabet.n.01'), Synset('j.n.02')]	15
cognition	lindsay	[]	None	-1
cognition	tom	[]	None	-1
whole	death	['hypernym', 'hyponym', 'hypernym', 'hyponym', 'hypernym', 'hypernym', 'hypernym', 'hypernym', 'hyponym', 'hypernym', 'hypernym', 'hyponym', 'hypernym']	[Synset('whole.n.01'), Synset('concept.n.01'), Synset('idea.n.01'), Synset('content.n.05'), Synset('cognition.n.01'), Synset('psychological_feature.n.01'), Synset('abstraction.n.06'), Synset('entity.n.01'), Synset('physical_entity.n.01'), Synset('process.n.06'), Synset('phenomenon.n.01'), Synset('natural_phenomenon.n.01'), Synset('organic_phenomenon.n.01'), Synset('death.n.02')]	13
social_group	state	['hypernym', 'hypernym', 'hyponym', 'hypernym']	[Synset('social_group.n.01'), Synset('group.n.01'), Synset('abstraction.n.06'), Synset('attribute.n.02'), Synset('state.n.02')]	4
abstraction	religion	['hyponym', 'hyponym', 'hypernym', 'hyponym', 'hypernym', 'hypernym', 'hypernym', 'hypernym', 'hypernym', 'hypernym', 'hypernym']	[Synset('abstraction.n.01'), Synset('concept.n.01'), Synset('idea.n.01'), Synset('content.n.05'), Synset('cognition.n.01'), Synset('psychological_feature.n.01'), Synset('abstraction.n.06'), Synset('group.n.01'), Synset('social_group.n.01'), Synset('organization.n.01'), Synset('institution.n.01'), Synset('religion.n.02')]	11
whole	state	['hypernym', 'hyponym', 'hypernym', 'hyponym', 'hypernym', 'hypernym', 'hyponym', 'hypernym']	[Synset('whole.n.01'), Synset('concept.n.01'), Synset('idea.n.01'), Synset('content.n.05'), Synset('cognition.n.01'), Synset('psychological_feature.n.01'), Synset('abstraction.n.06'), Synset('attribute.n.02'), Synset('state.n.02')]	8
social_group	government	['hypernym', 'hypernym', 'hypernym']	[Synset('social_group.n.01'), Synset('organization.n.01'), Synset('polity.n.02'), Synset('government.n.01')]	3
entity	tom	[]	None	-1
whole	government	['hypernym', 'hyponym', 'hypernym', 'hyponym', 'hypernym', 'hypernym', 'hypernym', 'hypernym', 'hypernym', 'hypernym', 'hypernym']	[Synset('whole.n.01'), Synset('concept.n.01'), Synset('idea.n.01'), Synset('content.n.05'), Synset('cognition.n.01'), Synset('psychological_feature.n.01'), Synset('abstraction.n.06'), Synset('group.n.01'), Synset('social_group.n.01'), Synset('organization.n.01'), Synset('polity.n.02'), Synset('government.n.01')]	11
whole	vanden	[]	None	None
social_group	death	['hypernym', 'hypernym', 'hypernym', 'hypernym', 'hyponym', 'hypernym', 'hypernym', 'hyponym', 'hypernym']	[Synset('social_group.n.01'), Synset('group.n.01'), Synset('abstraction.n.06'), Synset('entity.n.01'), Synset('physical_entity.n.01'), Synset('process.n.06'), Synset('phenomenon.n.01'), Synset('natural_phenomenon.n.01'), Synset('organic_phenomenon.n.01'), Synset('death.n.02')]	9
abstraction	wm	[]	None	None
person	domingo	[]	None	-1
entity	government	['hypernym', 'hypernym', 'hypernym', 'hypernym', 'hypernym', 'hypernym']	[Synset('entity.n.01'), Synset('abstraction.n.06'), Synset('group.n.01'), Synset('social_group.n.01'), Synset('organization.n.01'), Synset('polity.n.02'), Synset('government.n.01')]	6
whole	united	[]	None	-1
abstraction	eva	[]	None	None
cognition	vanden	[]	None	None
psychological_feature	tom	[]	None	-1
concept	john	[]	None	-1
social_group	lindsay	[]	None	-1
person	Argentina	['hypernym', 'hypernym', 'holonym', 'holonym', 'holonym']	[Synset('person.n.01'), Synset('inhabitant.n.01'), Synset('american.n.01'), Synset('united_states.n.01'), Synset('organization_of_american_states.n.01'), Synset('argentina.n.01')]	5
whole	eva	[]	None	None
social_group	church	['hypernym', 'hypernym', 'hypernym', 'hypernym']	[Synset('social_group.n.01'), Synset('organization.n.01'), Synset('institution.n.01'), Synset('religion.n.02'), Synset('church.n.01')]	4
psychological_feature	church	['hypernym', 'hypernym', 'hypernym', 'hypernym', 'hypernym', 'hypernym', 'hypernym']	[Synset('psychological_feature.n.01'), Synset('abstraction.n.06'), Synset('group.n.01'), Synset('social_group.n.01'), Synset('organization.n.01'), Synset('institution.n.01'), Synset('religion.n.02'), Synset('church.n.01')]	7
entity	domingo	[]	None	-1
abstraction	Argentina	['hyponym', 'hyponym', 'hypernym', 'hyponym', 'hypernym', 'hypernym', 'hypernym', 'hypernym', 'holonym', 'hypernym', 'hypernym', 'holonym', 'holonym', 'holonym']	[Synset('abstraction.n.01'), Synset('concept.n.01'), Synset('idea.n.01'), Synset('content.n.05'), Synset('cognition.n.01'), Synset('psychological_feature.n.01'), Synset('abstraction.n.06'), Synset('group.n.01'), Synset('people.n.01'), Synset('person.n.01'), Synset('inhabitant.n.01'), Synset('american.n.01'), Synset('united_states.n.01'), Synset('organization_of_american_states.n.01'), Synset('argentina.n.01')]	14
cognition	wm	[]	None	None
person	government	['holonym', 'hypernym', 'hypernym', 'hypernym', 'hypernym', 'hypernym']	[Synset('person.n.01'), Synset('people.n.01'), Synset('group.n.01'), Synset('social_group.n.01'), Synset('organization.n.01'), Synset('polity.n.02'), Synset('government.n.01')]	6
entity	wm	[]	None	None
whole	Argentina	['hypernym', 'hyponym', 'hypernym', 'hyponym', 'hypernym', 'hypernym', 'hypernym', 'hypernym', 'holonym', 'hypernym', 'hypernym', 'holonym', 'holonym', 'holonym']	[Synset('whole.n.01'), Synset('concept.n.01'), Synset('idea.n.01'), Synset('content.n.05'), Synset('cognition.n.01'), Synset('psychological_feature.n.01'), Synset('abstraction.n.06'), Synset('group.n.01'), Synset('people.n.01'), Synset('person.n.01'), Synset('inhabitant.n.01'), Synset('american.n.01'), Synset('united_states.n.01'), Synset('organization_of_american_states.n.01'), Synset('argentina.n.01')]	14
concept	state	['hyponym', 'hypernym', 'hyponym', 'hypernym', 'hypernym', 'hyponym', 'hypernym']	[Synset('concept.n.01'), Synset('idea.n.01'), Synset('content.n.05'), Synset('cognition.n.01'), Synset('psychological_feature.n.01'), Synset('abstraction.n.06'), Synset('attribute.n.02'), Synset('state.n.02')]	7
psychological_feature	toilet	['hypernym', 'hypernym', 'hypernym', 'hyponym', 'hypernym', 'hyponym', 'hypernym', 'hypernym', 'hyponym']	[Synset('psychological_feature.n.01'), Synset('abstraction.n.06'), Synset('entity.n.01'), Synset('physical_entity.n.01'), Synset('object.n.01'), Synset('whole.n.02'), Synset('artifact.n.01'), Synset('facility.n.04'), Synset('public_toilet.n.01'), Synset('toilet.n.01')]	9
entity	Argentina	['hypernym', 'hypernym', 'hypernym', 'hypernym', 'hypernym', 'holonym', 'holonym', 'holonym']	[Synset('entity.n.01'), Synset('physical_entity.n.01'), Synset('causal_agent.n.01'), Synset('person.n.01'), Synset('inhabitant.n.01'), Synset('american.n.01'), Synset('united_states.n.01'), Synset('organization_of_american_states.n.01'), Synset('argentina.n.01')]	8
entity	lindsay	[]	None	-1
psychological_feature	vanden	[]	None	None
abstraction	government	['hyponym', 'hyponym', 'hypernym', 'hyponym', 'hypernym', 'hypernym', 'hypernym', 'hypernym', 'hypernym', 'hypernym', 'hypernym']	[Synset('abstraction.n.01'), Synset('concept.n.01'), Synset('idea.n.01'), Synset('content.n.05'), Synset('cognition.n.01'), Synset('psychological_feature.n.01'), Synset('abstraction.n.06'), Synset('group.n.01'), Synset('social_group.n.01'), Synset('organization.n.01'), Synset('polity.n.02'), Synset('government.n.01')]	11
entity	heuvel	[]	None	None
person	united	[]	None	-1
social_group	domingo	[]	None	-1
abstraction	interfaith	[]	None	-1
abstraction	death	['hyponym', 'hyponym', 'hypernym', 'hyponym', 'hypernym', 'hypernym', 'hypernym', 'hypernym', 'hyponym', 'hypernym', 'hypernym', 'hyponym', 'hypernym']	[Synset('abstraction.n.01'), Synset('concept.n.01'), Synset('idea.n.01'), Synset('content.n.05'), Synset('cognition.n.01'), Synset('psychological_feature.n.01'), Synset('abstraction.n.06'), Synset('entity.n.01'), Synset('physical_entity.n.01'), Synset('process.n.06'), Synset('phenomenon.n.01'), Synset('natural_phenomenon.n.01'), Synset('organic_phenomenon.n.01'), Synset('death.n.02')]	13
psychological_feature	religion	['hypernym', 'hypernym', 'hypernym', 'hypernym', 'hypernym', 'hypernym']	[Synset('psychological_feature.n.01'), Synset('abstraction.n.06'), Synset('group.n.01'), Synset('social_group.n.01'), Synset('organization.n.01'), Synset('institution.n.01'), Synset('religion.n.02')]	6
cognition	Argentina	['hypernym', 'hypernym', 'hypernym', 'hypernym', 'holonym', 'hypernym', 'hypernym', 'holonym', 'holonym', 'holonym']	[Synset('cognition.n.01'), Synset('psychological_feature.n.01'), Synset('abstraction.n.06'), Synset('group.n.01'), Synset('people.n.01'), Synset('person.n.01'), Synset('inhabitant.n.01'), Synset('american.n.01'), Synset('united_states.n.01'), Synset('organization_of_american_states.n.01'), Synset('argentina.n.01')]	10
person	vanden	[]	None	None
concept	peron	[]	None	-1
whole	v	[]	None	-1
person	heuvel	[]	None	None
entity	united	[]	None	-1
concept	heuvel	[]	None	None
social_group	motion	['hypernym', 'hypernym', 'hypernym', 'hyponym', 'hyponym', 'hyponym', 'hypernym', 'hypernym']	[Synset('social_group.n.01'), Synset('group.n.01'), Synset('abstraction.n.06'), Synset('psychological_feature.n.01'), Synset('event.n.01'), Synset('act.n.02'), Synset('action.n.01'), Synset('change.n.03'), Synset('motion.n.03')]	8
abstraction	lindsay	[]	None	-1
psychological_feature	duarte	[]	None	None
person	church	['holonym', 'hypernym', 'hypernym', 'hypernym', 'hypernym', 'hypernym', 'hypernym']	[Synset('person.n.01'), Synset('people.n.01'), Synset('group.n.01'), Synset('social_group.n.01'), Synset('organization.n.01'), Synset('institution.n.01'), Synset('religion.n.02'), Synset('church.n.01')]	7
concept	eva	[]	None	None
person	politics	['holonym', 'hypernym', 'hypernym', 'hypernym', 'hypernym', 'hyponym', 'hyponym', 'hypernym', 'hypernym']	[Synset('person.n.01'), Synset('people.n.01'), Synset('group.n.01'), Synset('abstraction.n.06'), Synset('psychological_feature.n.01'), Synset('cognition.n.01'), Synset('content.n.05'), Synset('belief.n.01'), Synset('opinion.n.01'), Synset('politics.n.04')]	9
concept	domingo	[]	None	-1
abstraction	tom	[]	None	-1
social_group	religion	['hypernym', 'hypernym', 'hypernym']	[Synset('social_group.n.01'), Synset('organization.n.01'), Synset('institution.n.01'), Synset('religion.n.02')]	3
abstraction	juan	[]	None	None
entity	vanden	[]	None	None
cognition	religion	['hypernym', 'hypernym', 'hypernym', 'hypernym', 'hypernym', 'hypernym', 'hypernym']	[Synset('cognition.n.01'), Synset('psychological_feature.n.01'), Synset('abstraction.n.06'), Synset('group.n.01'), Synset('social_group.n.01'), Synset('organization.n.01'), Synset('institution.n.01'), Synset('religion.n.02')]	7
whole	toilet	['hypernym', 'hyponym', 'hypernym', 'hyponym', 'hypernym', 'hypernym', 'hypernym', 'hyponym', 'hyponym', 'hypernym', 'hypernym', 'hypernym', 'hypernym', 'hyponym']	[Synset('whole.n.01'), Synset('concept.n.01'), Synset('idea.n.01'), Synset('content.n.05'), Synset('cognition.n.01'), Synset('psychological_feature.n.01'), Synset('abstraction.n.06'), Synset('group.n.01'), Synset('arrangement.n.02'), Synset('flower_arrangement.n.01'), Synset('decoration.n.01'), Synset('artifact.n.01'), Synset('facility.n.04'), Synset('public_toilet.n.01'), Synset('toilet.n.01')]	14
psychological_feature	juan	[]	None	None
psychological_feature	Argentina	['hypernym', 'hypernym', 'hypernym', 'holonym', 'hypernym', 'hypernym', 'holonym', 'holonym', 'holonym']	[Synset('psychological_feature.n.01'), Synset('abstraction.n.06'), Synset('group.n.01'), Synset('people.n.01'), Synset('person.n.01'), Synset('inhabitant.n.01'), Synset('american.n.01'), Synset('united_states.n.01'), Synset('organization_of_american_states.n.01'), Synset('argentina.n.01')]	9
psychological_feature	connally	[]	None	None
social_group	wm	[]	None	None
person	connally	[]	None	None
psychological_feature	wm	[]	None	None
entity	move	['hypernym', 'hypernym', 'hyponym', 'hyponym', 'hyponym', 'hypernym', 'hypernym']	[Synset('entity.n.01'), Synset('abstraction.n.06'), Synset('psychological_feature.n.01'), Synset('event.n.01'), Synset('act.n.02'), Synset('action.n.01'), Synset('change.n.03'), Synset('move.n.02')]	7
whole	peron	[]	None	-1
person	tom	[]	None	-1
entity	church	['hypernym', 'hypernym', 'hypernym', 'hypernym', 'hypernym', 'hypernym', 'hypernym']	[Synset('entity.n.01'), Synset('abstraction.n.06'), Synset('group.n.01'), Synset('social_group.n.01'), Synset('organization.n.01'), Synset('institution.n.01'), Synset('religion.n.02'), Synset('church.n.01')]	7
whole	india	[]	None	-1
social_group	heuvel	[]	None	None
concept	united	[]	None	-1
entity	eva	[]	None	None
cognition	heuvel	[]	None	None
abstraction	connally	[]	None	None
person	duarte	[]	None	None
concept	government	['hyponym', 'hypernym', 'hyponym', 'hypernym', 'hypernym', 'hypernym', 'hypernym', 'hypernym', 'hypernym', 'hypernym']	[Synset('concept.n.01'), Synset('idea.n.01'), Synset('content.n.05'), Synset('cognition.n.01'), Synset('psychological_feature.n.01'), Synset('abstraction.n.06'), Synset('group.n.01'), Synset('social_group.n.01'), Synset('organization.n.01'), Synset('polity.n.02'), Synset('government.n.01')]	10
cognition	domingo	[]	None	-1
cognition	peron	[]	None	-1
person	move	['holonym', 'hypernym', 'hypernym', 'hypernym', 'hyponym', 'hyponym', 'hyponym', 'hypernym', 'hypernym']	[Synset('person.n.01'), Synset('people.n.01'), Synset('group.n.01'), Synset('abstraction.n.06'), Synset('psychological_feature.n.01'), Synset('event.n.01'), Synset('act.n.02'), Synset('action.n.01'), Synset('change.n.03'), Synset('move.n.02')]	9
entity	connally	[]	None	None
concept	interfaith	[]	None	-1
cognition	juan	[]	None	None
cognition	connally	[]	None	None
concept	death	['hyponym', 'hypernym', 'hyponym', 'hypernym', 'hypernym', 'hypernym', 'hypernym', 'hyponym', 'hypernym', 'hypernym', 'hyponym', 'hypernym']	[Synset('concept.n.01'), Synset('idea.n.01'), Synset('content.n.05'), Synset('cognition.n.01'), Synset('psychological_feature.n.01'), Synset('abstraction.n.06'), Synset('entity.n.01'), Synset('physical_entity.n.01'), Synset('process.n.06'), Synset('phenomenon.n.01'), Synset('natural_phenomenon.n.01'), Synset('organic_phenomenon.n.01'), Synset('death.n.02')]	12
abstraction	duarte	[]	None	None
psychological_feature	interfaith	[]	None	-1
psychological_feature	lindsay	[]	None	-1
person	religion	['holonym', 'hypernym', 'hypernym', 'hypernym', 'hypernym', 'hypernym']	[Synset('person.n.01'), Synset('people.n.01'), Synset('group.n.01'), Synset('social_group.n.01'), Synset('organization.n.01'), Synset('institution.n.01'), Synset('religion.n.02')]	6
abstraction	peron	[]	None	-1
abstraction	move	['hyponym', 'hyponym', 'hypernym', 'hyponym', 'hypernym', 'hyponym', 'hyponym', 'hyponym', 'hypernym', 'hypernym']	[Synset('abstraction.n.01'), Synset('concept.n.01'), Synset('idea.n.01'), Synset('content.n.05'), Synset('cognition.n.01'), Synset('psychological_feature.n.01'), Synset('event.n.01'), Synset('act.n.02'), Synset('action.n.01'), Synset('change.n.03'), Synset('move.n.02')]	10
cognition	J	['hypernym', 'hypernym', 'hyponym', 'hypernym', 'hyponym', 'hyponym', 'hypernym', 'hypernym', 'hypernym', 'hypernym', 'holonym']	[Synset('cognition.n.01'), Synset('psychological_feature.n.01'), Synset('abstraction.n.06'), Synset('communication.n.02'), Synset('message.n.02'), Synset('acknowledgment.n.03'), Synset('credits.n.01'), Synset('list.n.01'), Synset('character_set.n.01'), Synset('alphabet.n.01'), Synset('roman_alphabet.n.01'), Synset('j.n.02')]	11
entity	duarte	[]	None	None
psychological_feature	united	[]	None	-1
cognition	duarte	[]	None	None
cognition	state	['hypernym', 'hypernym', 'hyponym', 'hypernym']	[Synset('cognition.n.01'), Synset('psychological_feature.n.01'), Synset('abstraction.n.06'), Synset('attribute.n.02'), Synset('state.n.02')]	4
whole	juan	[]	None	None
social_group	tom	[]	None	-1
person	peron	[]	None	-1
entity	state	['hypernym', 'hyponym', 'hypernym']	[Synset('entity.n.01'), Synset('abstraction.n.06'), Synset('attribute.n.02'), Synset('state.n.02')]	3
cognition	government	['hypernym', 'hypernym', 'hypernym', 'hypernym', 'hypernym', 'hypernym', 'hypernym']	[Synset('cognition.n.01'), Synset('psychological_feature.n.01'), Synset('abstraction.n.06'), Synset('group.n.01'), Synset('social_group.n.01'), Synset('organization.n.01'), Synset('polity.n.02'), Synset('government.n.01')]	7
person	wm	[]	None	None
concept	wm	[]	None	None
social_group	toilet	['hypernym', 'hyponym', 'hyponym', 'hypernym', 'hypernym', 'hypernym', 'hypernym', 'hyponym']	[Synset('social_group.n.01'), Synset('group.n.01'), Synset('arrangement.n.02'), Synset('flower_arrangement.n.01'), Synset('decoration.n.01'), Synset('artifact.n.01'), Synset('facility.n.04'), Synset('public_toilet.n.01'), Synset('toilet.n.01')]	8
abstraction	domingo	[]	None	-1
entity	J	['hypernym', 'hyponym', 'hypernym', 'hyponym', 'hyponym', 'hypernym', 'hypernym', 'hypernym', 'hypernym', 'holonym']	[Synset('entity.n.01'), Synset('abstraction.n.06'), Synset('communication.n.02'), Synset('message.n.02'), Synset('acknowledgment.n.03'), Synset('credits.n.01'), Synset('list.n.01'), Synset('character_set.n.01'), Synset('alphabet.n.01'), Synset('roman_alphabet.n.01'), Synset('j.n.02')]	10
social_group	interfaith	[]	None	-1
concept	juan	[]	None	None
cognition	interfaith	[]	None	-1
psychological_feature	india	[]	None	-1
concept	politics	['hyponym', 'hypernym', 'hyponym', 'hypernym', 'hypernym']	[Synset('concept.n.01'), Synset('idea.n.01'), Synset('content.n.05'), Synset('belief.n.01'), Synset('opinion.n.01'), Synset('politics.n.04')]	5
concept	v	[]	None	-1
social_group	v	[]	None	-1
person	india	[]	None	-1
entity	toilet	['hypernym', 'hyponym', 'hypernym', 'hyponym', 'hypernym', 'hypernym', 'hyponym']	[Synset('entity.n.01'), Synset('physical_entity.n.01'), Synset('object.n.01'), Synset('whole.n.02'), Synset('artifact.n.01'), Synset('facility.n.04'), Synset('public_toilet.n.01'), Synset('toilet.n.01')]	7
psychological_feature	heuvel	[]	None	None
entity	interfaith	[]	None	-1
whole	interfaith	[]	None	-1
whole	tom	[]	None	-1
cognition	eva	[]	None	None
psychological_feature	peron	[]	None	-1
social_group	juan	[]	None	None
concept	religion	['hyponym', 'hypernym', 'hyponym', 'hypernym', 'hypernym', 'hypernym', 'hypernym', 'hypernym', 'hypernym', 'hypernym']	[Synset('concept.n.01'), Synset('idea.n.01'), Synset('content.n.05'), Synset('cognition.n.01'), Synset('psychological_feature.n.01'), Synset('abstraction.n.06'), Synset('group.n.01'), Synset('social_group.n.01'), Synset('organization.n.01'), Synset('institution.n.01'), Synset('religion.n.02')]	10
whole	politics	['hypernym', 'hyponym', 'hypernym', 'hyponym', 'hypernym', 'hypernym']	[Synset('whole.n.01'), Synset('concept.n.01'), Synset('idea.n.01'), Synset('content.n.05'), Synset('belief.n.01'), Synset('opinion.n.01'), Synset('politics.n.04')]	6
entity	politics	['hypernym', 'hypernym', 'hypernym', 'hyponym', 'hyponym', 'hypernym', 'hypernym']	[Synset('entity.n.01'), Synset('abstraction.n.06'), Synset('psychological_feature.n.01'), Synset('cognition.n.01'), Synset('content.n.05'), Synset('belief.n.01'), Synset('opinion.n.01'), Synset('politics.n.04')]	7
person	interfaith	[]	None	-1
concept	move	['hyponym', 'hypernym', 'hyponym', 'hypernym', 'hyponym', 'hyponym', 'hyponym', 'hypernym', 'hypernym']	[Synset('concept.n.01'), Synset('idea.n.01'), Synset('content.n.05'), Synset('cognition.n.01'), Synset('psychological_feature.n.01'), Synset('event.n.01'), Synset('act.n.02'), Synset('action.n.01'), Synset('change.n.03'), Synset('move.n.02')]	9
concept	vanden	[]	None	None
cognition	united	[]	None	-1
psychological_feature	move	['hyponym', 'hyponym', 'hyponym', 'hypernym', 'hypernym']	[Synset('psychological_feature.n.01'), Synset('event.n.01'), Synset('act.n.02'), Synset('action.n.01'), Synset('change.n.03'), Synset('move.n.02')]	5
psychological_feature	state	['hypernym', 'hyponym', 'hypernym']	[Synset('psychological_feature.n.01'), Synset('abstraction.n.06'), Synset('attribute.n.02'), Synset('state.n.02')]	3
entity	juan	[]	None	None
cognition	politics	['hyponym', 'hyponym', 'hypernym', 'hypernym']	[Synset('cognition.n.01'), Synset('content.n.05'), Synset('belief.n.01'), Synset('opinion.n.01'), Synset('politics.n.04')]	4
social_group	politics	['hypernym', 'hypernym', 'hypernym', 'hypernym', 'hyponym', 'hyponym', 'hypernym', 'hypernym']	[Synset('social_group.n.01'), Synset('group.n.01'), Synset('abstraction.n.06'), Synset('psychological_feature.n.01'), Synset('cognition.n.01'), Synset('content.n.05'), Synset('belief.n.01'), Synset('opinion.n.01'), Synset('politics.n.04')]	8
social_group	eva	[]	None	None
person	eva	[]	None	None
concept	church	['hyponym', 'hypernym', 'hyponym', 'hypernym', 'hypernym', 'hypernym', 'hypernym', 'hypernym', 'hypernym', 'hypernym', 'hypernym']	[Synset('concept.n.01'), Synset('idea.n.01'), Synset('content.n.05'), Synset('cognition.n.01'), Synset('psychological_feature.n.01'), Synset('abstraction.n.06'), Synset('group.n.01'), Synset('social_group.n.01'), Synset('organization.n.01'), Synset('institution.n.01'), Synset('religion.n.02'), Synset('church.n.01')]	11
whole	wm	[]	None	None
abstraction	politics	['hyponym', 'hyponym', 'hypernym', 'hyponym', 'hypernym', 'hypernym']	[Synset('abstraction.n.01'), Synset('concept.n.01'), Synset('idea.n.01'), Synset('content.n.05'), Synset('belief.n.01'), Synset('opinion.n.01'), Synset('politics.n.04')]	6
person	juan	[]	None	None
concept	tom	[]	None	-1
social_group	united	[]	None	-1
psychological_feature	v	[]	None	-1
cognition	move	['hypernym', 'hyponym', 'hyponym', 'hyponym', 'hypernym', 'hypernym']	[Synset('cognition.n.01'), Synset('psychological_feature.n.01'), Synset('event.n.01'), Synset('act.n.02'), Synset('action.n.01'), Synset('change.n.03'), Synset('move.n.02')]	6
entity	death	['hypernym', 'hyponym', 'hypernym', 'hypernym', 'hyponym', 'hypernym']	[Synset('entity.n.01'), Synset('physical_entity.n.01'), Synset('process.n.06'), Synset('phenomenon.n.01'), Synset('natural_phenomenon.n.01'), Synset('organic_phenomenon.n.01'), Synset('death.n.02')]	6
entity	religion	['hypernym', 'hypernym', 'hypernym', 'hypernym', 'hypernym', 'hypernym']	[Synset('entity.n.01'), Synset('abstraction.n.06'), Synset('group.n.01'), Synset('social_group.n.01'), Synset('organization.n.01'), Synset('institution.n.01'), Synset('religion.n.02')]	6
person	v	[]	None	-1
abstraction	state	['hyponym', 'hyponym', 'hypernym', 'hyponym', 'hypernym', 'hypernym', 'hyponym', 'hypernym']	[Synset('abstraction.n.01'), Synset('concept.n.01'), Synset('idea.n.01'), Synset('content.n.05'), Synset('cognition.n.01'), Synset('psychological_feature.n.01'), Synset('abstraction.n.06'), Synset('attribute.n.02'), Synset('state.n.02')]	8
whole	religion	['hypernym', 'hyponym', 'hypernym', 'hyponym', 'hypernym', 'hypernym', 'hypernym', 'hypernym', 'hypernym', 'hypernym', 'hypernym']	[Synset('whole.n.01'), Synset('concept.n.01'), Synset('idea.n.01'), Synset('content.n.05'), Synset('cognition.n.01'), Synset('psychological_feature.n.01'), Synset('abstraction.n.06'), Synset('group.n.01'), Synset('social_group.n.01'), Synset('organization.n.01'), Synset('institution.n.01'), Synset('religion.n.02')]	11
psychological_feature	politics	['hypernym', 'hyponym', 'hyponym', 'hypernym', 'hypernym']	[Synset('psychological_feature.n.01'), Synset('cognition.n.01'), Synset('content.n.05'), Synset('belief.n.01'), Synset('opinion.n.01'), Synset('politics.n.04')]	5
cognition	toilet	['hypernym', 'hypernym', 'hypernym', 'hyponym', 'hyponym', 'hypernym', 'hypernym', 'hypernym', 'hypernym', 'hyponym']	[Synset('cognition.n.01'), Synset('psychological_feature.n.01'), Synset('abstraction.n.06'), Synset('group.n.01'), Synset('arrangement.n.02'), Synset('flower_arrangement.n.01'), Synset('decoration.n.01'), Synset('artifact.n.01'), Synset('facility.n.04'), Synset('public_toilet.n.01'), Synset('toilet.n.01')]	10
concept	india	[]	None	-1
abstraction	J	['hyponym', 'hyponym', 'hypernym', 'hyponym', 'hypernym', 'hypernym', 'hyponym', 'hypernym', 'hyponym', 'hyponym', 'hypernym', 'hypernym', 'hypernym', 'hypernym', 'holonym']	[Synset('abstraction.n.01'), Synset('concept.n.01'), Synset('idea.n.01'), Synset('content.n.05'), Synset('cognition.n.01'), Synset('psychological_feature.n.01'), Synset('abstraction.n.06'), Synset('communication.n.02'), Synset('message.n.02'), Synset('acknowledgment.n.03'), Synset('credits.n.01'), Synset('list.n.01'), Synset('character_set.n.01'), Synset('alphabet.n.01'), Synset('roman_alphabet.n.01'), Synset('j.n.02')]	15
abstraction	united	[]	None	-1
whole	move	['hypernym', 'hyponym', 'hypernym', 'hyponym', 'hypernym', 'hyponym', 'hyponym', 'hyponym', 'hypernym', 'hypernym']	[Synset('whole.n.01'), Synset('concept.n.01'), Synset('idea.n.01'), Synset('content.n.05'), Synset('cognition.n.01'), Synset('psychological_feature.n.01'), Synset('event.n.01'), Synset('act.n.02'), Synset('action.n.01'), Synset('change.n.03'), Synset('move.n.02')]	10
person	state	['holonym', 'hypernym', 'hypernym', 'hyponym', 'hypernym']	[Synset('person.n.01'), Synset('people.n.01'), Synset('group.n.01'), Synset('abstraction.n.06'), Synset('attribute.n.02'), Synset('state.n.02')]	5
entity	peron	[]	None	-1
person	death	['hypernym', 'hypernym', 'hyponym', 'hypernym', 'hypernym', 'hyponym', 'hypernym']	[Synset('person.n.01'), Synset('causal_agent.n.01'), Synset('physical_entity.n.01'), Synset('process.n.06'), Synset('phenomenon.n.01'), Synset('natural_phenomenon.n.01'), Synset('organic_phenomenon.n.01'), Synset('death.n.02')]	7
social_group	J	['hypernym', 'hyponym', 'hyponym', 'hypernym', 'hyponym', 'hypernym', 'hypernym', 'hypernym', 'hypernym', 'holonym']	[Synset('social_group.n.01'), Synset('group.n.01'), Synset('arrangement.n.02'), Synset('array.n.01'), Synset('table.n.01'), Synset('contents.n.01'), Synset('list.n.01'), Synset('character_set.n.01'), Synset('alphabet.n.01'), Synset('roman_alphabet.n.01'), Synset('j.n.02')]	10
person	J	['holonym', 'hypernym', 'hyponym', 'hyponym', 'hypernym', 'hyponym', 'hypernym', 'hypernym', 'hypernym', 'hypernym', 'holonym']	[Synset('person.n.01'), Synset('people.n.01'), Synset('group.n.01'), Synset('arrangement.n.02'), Synset('array.n.01'), Synset('table.n.01'), Synset('contents.n.01'), Synset('list.n.01'), Synset('character_set.n.01'), Synset('alphabet.n.01'), Synset('roman_alphabet.n.01'), Synset('j.n.02')]	11
whole	heuvel	[]	None	None
cognition	v	[]	None	-1
abstraction	vanden	[]	None	None
whole	domingo	[]	None	-1
abstraction	heuvel	[]	None	None
psychological_feature	J	['hypernym', 'hyponym', 'hypernym', 'hyponym', 'hyponym', 'hypernym', 'hypernym', 'hypernym', 'hypernym', 'holonym']	[Synset('psychological_feature.n.01'), Synset('abstraction.n.06'), Synset('communication.n.02'), Synset('message.n.02'), Synset('acknowledgment.n.03'), Synset('credits.n.01'), Synset('list.n.01'), Synset('character_set.n.01'), Synset('alphabet.n.01'), Synset('roman_alphabet.n.01'), Synset('j.n.02')]	10
whole	connally	[]	None	None
concept	lindsay	[]	None	-1
psychological_feature	death	['hypernym', 'hypernym', 'hypernym', 'hyponym', 'hypernym', 'hypernym', 'hyponym', 'hypernym']	[Synset('psychological_feature.n.01'), Synset('abstraction.n.06'), Synset('entity.n.01'), Synset('physical_entity.n.01'), Synset('process.n.06'), Synset('phenomenon.n.01'), Synset('natural_phenomenon.n.01'), Synset('organic_phenomenon.n.01'), Synset('death.n.02')]	8
social_group	Argentina	['hypernym', 'hyponym', 'hypernym', 'hypernym', 'holonym', 'holonym', 'holonym']	[Synset('social_group.n.01'), Synset('organization.n.01'), Synset('alliance.n.03'), Synset('world_organization.n.01'), Synset('north_atlantic_treaty_organization.n.01'), Synset('united_states.n.01'), Synset('organization_of_american_states.n.01'), Synset('argentina.n.01')]	7
person	lindsay	[]	None	-1
entity	india	[]	None	-1
person	toilet	['hypernym', 'hypernym', 'hypernym', 'hyponym', 'hypernym', 'hypernym', 'hyponym']	[Synset('person.n.01'), Synset('organism.n.01'), Synset('living_thing.n.01'), Synset('whole.n.02'), Synset('artifact.n.01'), Synset('facility.n.04'), Synset('public_toilet.n.01'), Synset('toilet.n.01')]	7
abstraction	church	['hyponym', 'hyponym', 'hypernym', 'hyponym', 'hypernym', 'hypernym', 'hypernym', 'hypernym', 'hypernym', 'hypernym', 'hypernym', 'hypernym']	[Synset('abstraction.n.01'), Synset('concept.n.01'), Synset('idea.n.01'), Synset('content.n.05'), Synset('cognition.n.01'), Synset('psychological_feature.n.01'), Synset('abstraction.n.06'), Synset('group.n.01'), Synset('social_group.n.01'), Synset('organization.n.01'), Synset('institution.n.01'), Synset('religion.n.02'), Synset('church.n.01')]	12
psychological_feature	government	['hypernym', 'hypernym', 'hypernym', 'hypernym', 'hypernym', 'hypernym']	[Synset('psychological_feature.n.01'), Synset('abstraction.n.06'), Synset('group.n.01'), Synset('social_group.n.01'), Synset('organization.n.01'), Synset('polity.n.02'), Synset('government.n.01')]	6
whole	church	['hypernym', 'hyponym', 'hypernym', 'hyponym', 'hypernym', 'hypernym', 'hypernym', 'hypernym', 'hypernym', 'hypernym', 'hypernym', 'hypernym']	[Synset('whole.n.01'), Synset('concept.n.01'), Synset('idea.n.01'), Synset('content.n.05'), Synset('cognition.n.01'), Synset('psychological_feature.n.01'), Synset('abstraction.n.06'), Synset('group.n.01'), Synset('social_group.n.01'), Synset('organization.n.01'), Synset('institution.n.01'), Synset('religion.n.02'), Synset('church.n.01')]	12
whole	duarte	[]	None	None
social_group	duarte	[]	None	None
abstraction	toilet	['hyponym', 'hyponym', 'hypernym', 'hyponym', 'hypernym', 'hypernym', 'hypernym', 'hyponym', 'hyponym', 'hypernym', 'hypernym', 'hypernym', 'hypernym', 'hyponym']	[Synset('abstraction.n.01'), Synset('concept.n.01'), Synset('idea.n.01'), Synset('content.n.05'), Synset('cognition.n.01'), Synset('psychological_feature.n.01'), Synset('abstraction.n.06'), Synset('group.n.01'), Synset('arrangement.n.02'), Synset('flower_arrangement.n.01'), Synset('decoration.n.01'), Synset('artifact.n.01'), Synset('facility.n.04'), Synset('public_toilet.n.01'), Synset('toilet.n.01')]	14
cognition	india	[]	None	-1
social_group	india	[]	None	-1
